Date,Time,Technician,Ad Spend,Conversions,Revenue,Client Type
2024-11-14,Morning,Willie,82.56,8,442.24,Loyal
2025-03-31,Evening,Carly,61.71,8,107.26,Loyal
2025-01-14,Evening,Amy,129.34,10,364.71,New
2025-02-01,Afternoon,Amy,76.7,3,142.13,New
2024-12-11,Night,Larry,122.99,3,354.79,New
2024-11-23,Evening,Paul,148.59,6,226.35,Returning
2025-01-06,Night,Gloria,73.96,1,96.84,New
2025-03-13,Afternoon,Robert,133.16,7,199.67,Loyal
2025-04-16,Evening,Grace,55.96,10,241.06,Loyal
2025-04-25,Evening,David,52.5,8,142.21,Returning
2025-03-05,Afternoon,Phillip,113.53,6,160.91,Loyal
2025-04-19,Morning,Audrey,129.78,7,43.27,Loyal
2025-03-13,Morning,Daniel,52.45,4,463.78,Returning
2025-02-15,Morning,Zachary,115.75,0,359.93,New
2025-01-04,Night,Ryan,61.84,6,435.59,New
2025-03-27,Afternoon,Kristina,57.29,6,429.49,Returning
2025-02-18,Morning,Kristin,60.24,3,251.07,Returning
2025-04-19,Afternoon,Heather,66.5,7,426.12,New
2024-12-13,Evening,Jeremy,77.14,0,492.17,Returning
2025-03-02,Night,Melissa,15.06,5,350.56,Loyal
2025-04-20,Night,Jennifer,85.09,5,238.12,Returning
2024-12-27,Morning,Lynn,103.84,1,312.56,Loyal
2025-01-09,Night,Anita,148.31,7,74.29,Loyal
2024-11-16,Night,Michael,41.11,4,178.11,Loyal
2025-04-24,Night,Leslie,28.55,7,399.17,Loyal
2025-04-24,Evening,Duane,86.64,1,388.4,Returning
2024-11-13,Morning,Janice,49.69,4,139.92,New
2024-11-13,Afternoon,Christopher,53.24,10,481.21,Returning
2025-03-29,Afternoon,Samantha,77.42,5,412.71,New
2025-02-03,Evening,Barbara,58.7,9,420.54,Loyal
2025-01-10,Night,Daniel,32.16,2,342.27,New
2024-11-12,Night,Brendan,31.82,7,182.08,Loyal
2025-04-05,Night,Richard,102.78,5,296.31,Loyal
2025-04-28,Afternoon,Debbie,41.44,8,301.04,Returning
2024-11-19,Night,Dawn,117.18,4,245.25,Returning
2025-03-10,Afternoon,Daniel,63.93,3,117.89,Loyal
2025-04-06,Morning,William,129.62,1,267.74,Returning
2025-03-08,Night,Kirsten,131.69,5,198.2,New
2025-01-04,Evening,Angela,88.2,3,148.8,Returning
2025-03-28,Afternoon,Janice,69.66,0,454.42,Returning
2025-03-03,Night,Jamie,44.05,1,426.43,Returning
2025-04-11,Afternoon,Timothy,131.67,3,370.79,New
2025-02-17,Afternoon,William,105.91,2,214.65,Returning
2025-04-14,Afternoon,Monica,131.03,9,244.29,New
2024-12-27,Afternoon,Keith,139.71,0,222.53,Loyal
2025-04-11,Evening,Vanessa,9.33,3,397.02,New
2025-04-01,Afternoon,Victoria,112.44,4,42.54,New
2024-11-23,Night,Andrew,128.95,8,210.53,Loyal
2025-03-09,Evening,Jennifer,124.27,8,398.58,Returning
2025-01-22,Evening,Kristin,21.26,3,55.69,Loyal
2025-01-04,Night,Joe,141.06,1,154.59,Returning
2025-03-13,Afternoon,Patrick,81.68,4,419.5,Returning
2025-04-03,Morning,Amanda,59.11,5,214.49,Loyal
2025-03-10,Night,Amy,37.34,3,258.83,Returning
2025-02-23,Evening,Christina,105.48,1,116.41,Loyal
2024-12-22,Evening,Eric,97.85,8,323.79,Loyal
2024-12-28,Morning,Steven,108.59,9,490.22,Loyal
2024-11-17,Night,Jennifer,108.51,8,305.77,New
2025-03-17,Morning,Sheri,83.46,10,72.07,Returning
2025-03-16,Afternoon,Kimberly,11.48,5,29.72,Returning
2025-04-08,Night,Colleen,102.24,0,361.56,New
2025-04-23,Evening,Rachel,94.95,5,311.49,Loyal
2024-12-29,Afternoon,Robert,23.27,1,425.4,New
2025-01-16,Evening,Jason,86.5,6,217.68,New
2025-03-03,Night,Scott,96.69,2,259.06,New
2025-02-08,Evening,Michelle,48.37,8,327.72,New
2024-11-18,Evening,Linda,99.37,4,305.24,Loyal
2025-02-02,Night,Diana,30.33,2,486.11,Returning
2024-12-09,Night,Jesus,12.13,5,106.4,New
2024-12-22,Night,Patrick,49.5,10,383.76,Returning
2025-02-14,Afternoon,Sharon,98.66,6,382.17,Loyal
2025-02-11,Evening,Robin,13.41,6,320.11,Returning
2024-12-23,Night,Maureen,17.15,3,360.46,New
2025-04-14,Afternoon,Terri,136.74,0,356.84,New
2025-03-02,Night,Taylor,110.98,7,267.27,New
2025-01-12,Evening,Brad,104.65,6,257.2,Returning
2025-03-25,Night,Wendy,99.57,4,219.0,Loyal
2025-01-14,Morning,Michelle,16.07,9,69.16,Returning
2025-04-15,Morning,Holly,121.2,5,140.08,New
2025-03-31,Evening,Bruce,58.99,8,429.72,Loyal
2025-04-03,Morning,Harry,106.84,3,240.5,Loyal
2025-01-07,Night,Susan,141.67,1,136.1,New
2025-02-22,Afternoon,Heidi,70.59,5,469.31,Loyal
2024-12-30,Night,Jason,39.74,3,271.86,Returning
2025-01-30,Night,Benjamin,140.81,10,410.31,New
2025-04-06,Evening,Kelly,50.24,9,204.96,Loyal
2025-03-03,Evening,William,35.7,10,87.79,Returning
2025-04-16,Morning,Robin,120.48,4,211.93,Loyal
2024-12-13,Afternoon,Larry,69.14,0,45.92,Returning
2025-02-21,Evening,Michael,104.4,1,63.23,New
2024-11-12,Afternoon,Kristin,16.99,7,152.04,Returning
2025-02-06,Morning,Joseph,89.94,9,372.03,New
2025-01-13,Night,Sara,92.19,3,361.6,Returning
2025-01-20,Night,Sean,79.41,9,292.4,New
2025-01-29,Afternoon,Nicholas,54.02,6,316.27,Returning
2025-02-21,Morning,Thomas,51.63,0,48.66,New
2024-12-06,Night,Thomas,31.33,5,37.81,Loyal
2025-03-07,Night,William,32.99,3,141.41,New
2025-03-29,Morning,Andrea,40.19,7,353.56,Returning
2024-12-17,Morning,Jacob,144.36,6,306.74,Loyal
2025-04-27,Evening,Shelly,29.86,6,438.63,New
2024-11-11,Evening,Maria,66.89,9,45.61,New
2025-03-16,Night,Joshua,109.83,0,123.07,New
2025-02-24,Morning,Stephen,78.42,9,158.46,Loyal
2025-01-02,Evening,Erin,73.44,3,328.21,Loyal
2025-01-25,Evening,Christine,61.05,10,191.38,New
2025-02-13,Morning,Christina,100.38,1,367.61,New
2025-01-17,Evening,Samuel,67.56,3,366.04,Loyal
2025-02-13,Night,Christopher,101.74,1,342.59,Loyal
2025-04-06,Afternoon,Derrick,105.85,9,273.07,New
2025-04-23,Evening,Cynthia,139.95,2,20.75,Loyal
2024-12-13,Evening,Thomas,61.83,10,208.58,Loyal
2025-03-13,Afternoon,Alexis,60.74,7,320.15,Returning
2025-03-25,Afternoon,Glenn,126.61,3,39.1,Returning
2025-04-21,Evening,Kari,41.03,0,148.04,Returning
2025-04-21,Night,Julie,121.25,8,411.44,Returning
2025-04-21,Evening,Raymond,145.9,7,415.94,New
2025-02-18,Night,Brian,8.27,5,320.09,Returning
2025-03-10,Morning,Christopher,94.21,9,497.23,Returning
2024-11-08,Morning,Sharon,120.99,10,295.53,Loyal
2025-04-12,Night,Brian,9.45,2,431.17,New
2025-02-18,Evening,Sara,148.4,1,487.35,Loyal
2025-02-12,Night,April,119.31,4,307.6,Loyal
2025-01-20,Afternoon,Michele,129.9,4,131.06,Loyal
2025-01-09,Morning,Michael,76.79,7,415.84,New
2025-02-18,Afternoon,Heidi,82.9,3,147.5,Returning
2025-03-06,Evening,Thomas,49.77,2,29.32,Loyal
2025-04-07,Afternoon,Elizabeth,49.98,2,441.02,Returning
2024-12-25,Afternoon,Gary,65.79,8,115.29,Returning
2025-03-16,Afternoon,Joseph,46.48,6,31.57,New
2025-03-25,Evening,Shannon,12.73,2,78.68,Loyal
2025-01-11,Evening,Elizabeth,62.83,4,237.11,Loyal
2025-01-01,Morning,Karen,35.05,3,499.94,Loyal
2025-03-10,Evening,Joshua,127.73,7,319.39,New
2025-04-10,Morning,Taylor,35.12,5,150.22,Loyal
2024-12-08,Evening,Leah,74.37,6,479.14,New
2024-11-10,Morning,Whitney,43.11,7,131.76,New
2025-04-05,Morning,Christina,19.26,9,182.82,Loyal
2025-02-02,Night,Raymond,52.33,9,135.3,Returning
2025-02-06,Night,Ross,22.0,10,413.47,New
2025-04-19,Afternoon,James,43.2,4,225.0,New
2025-04-11,Evening,Penny,116.38,3,356.5,New
2025-01-23,Night,Aaron,107.24,0,269.12,Loyal
2024-12-30,Evening,James,86.93,2,236.37,Loyal
2025-02-24,Evening,John,90.85,8,168.9,Loyal
2025-02-08,Night,Tracy,105.89,0,202.18,Loyal
2024-12-15,Night,Brady,50.6,4,75.38,Loyal
2025-03-05,Afternoon,Denise,51.61,4,277.9,Loyal
2025-03-24,Morning,Joel,85.23,3,34.96,New
2025-03-16,Night,Michelle,22.73,9,301.56,Returning
2025-01-23,Morning,Carolyn,16.64,7,257.29,Returning
2025-02-14,Night,Rachael,144.5,4,324.12,New
2025-04-20,Night,Courtney,133.28,6,102.6,New
2024-11-03,Afternoon,Candace,15.24,8,413.37,Loyal
2025-03-09,Night,Kim,117.74,10,32.58,Returning
2025-02-21,Night,Andrew,116.6,5,218.8,Returning
2025-03-28,Night,James,104.46,1,338.06,New
2024-11-29,Afternoon,Jerry,130.48,5,150.81,Loyal
2025-02-04,Evening,Andrew,143.05,3,368.95,Loyal
2024-12-06,Morning,Gabriel,95.44,10,69.48,Returning
2024-11-02,Evening,Daniel,110.94,4,357.81,Returning
2025-04-23,Morning,Jenna,36.22,2,103.02,Returning
2025-01-15,Morning,Shawn,109.88,9,464.86,Returning
2024-11-15,Night,Stephanie,67.66,5,274.74,Loyal
2025-03-15,Afternoon,Stacey,82.43,5,155.05,Loyal
2025-01-27,Afternoon,Nathan,25.86,1,406.99,New
2025-01-22,Afternoon,Aaron,51.95,5,225.91,Returning
2025-01-08,Afternoon,Amanda,64.18,1,193.64,New
2024-12-08,Afternoon,Dawn,116.31,2,344.55,Loyal
2025-01-26,Afternoon,Deanna,40.85,1,147.42,New
2025-01-16,Morning,Jake,82.29,5,64.48,Returning
2024-12-01,Afternoon,Luis,141.47,6,391.79,Returning
2025-01-09,Night,Jennifer,40.3,4,65.94,Loyal
2025-03-11,Evening,Lauren,11.94,8,212.5,Loyal
2025-01-13,Evening,Victoria,5.6,1,53.46,New
2025-01-02,Afternoon,Todd,59.69,2,354.37,Returning
2025-04-22,Night,Kathleen,38.14,10,71.43,New
2025-04-08,Afternoon,Jessica,44.84,3,114.42,Loyal
2025-01-02,Morning,Melissa,66.25,8,180.82,Loyal
2025-02-26,Night,Helen,103.98,5,236.98,Loyal
2025-02-08,Morning,Austin,43.85,6,357.63,New
2024-12-01,Afternoon,Jennifer,135.72,9,114.18,Returning
2024-12-04,Morning,Kenneth,125.98,9,239.44,Returning
2025-03-05,Evening,Cody,84.99,0,85.71,Loyal
2025-04-07,Afternoon,Christopher,83.66,10,59.56,New
2025-04-05,Evening,Raymond,44.4,10,418.92,New
2025-04-17,Evening,Brandon,131.58,2,155.49,Loyal
2024-11-14,Afternoon,Michelle,95.8,2,153.75,Loyal
2025-02-08,Evening,Elizabeth,19.37,5,484.12,Loyal
2024-11-18,Afternoon,Kristen,29.26,6,283.67,Loyal
2024-11-13,Morning,Nicholas,61.54,9,419.66,New
2024-11-08,Morning,Jill,113.71,10,240.72,Loyal
2025-04-01,Morning,Emily,85.18,7,82.85,New
2025-04-24,Afternoon,Briana,12.33,10,172.81,Loyal
2024-12-23,Evening,Christine,118.22,8,305.87,New
2024-12-04,Morning,Jessica,39.18,9,456.29,New
2025-02-09,Evening,William,120.36,7,56.23,New
2025-01-31,Evening,Paul,140.39,5,42.31,New
2025-01-05,Evening,Patrick,149.05,7,250.08,New
2024-12-13,Night,Christina,90.62,7,236.35,Loyal
2025-01-20,Evening,Mary,34.69,3,451.44,Loyal
2024-11-15,Night,Matthew,124.79,9,419.82,Returning
2024-11-13,Evening,Jason,37.3,7,90.98,Loyal
2025-03-13,Afternoon,Cory,56.62,1,317.4,Returning
2025-01-29,Evening,Andrew,133.35,10,29.47,Returning
2024-11-28,Evening,Lauren,81.06,6,63.71,Returning
2025-04-21,Afternoon,Patrick,124.12,6,389.3,New
2025-04-21,Afternoon,Katie,98.39,1,476.47,Returning
2025-03-24,Night,Brandon,129.36,3,191.04,New
2024-11-22,Morning,Kari,59.01,0,296.26,Loyal
2025-03-10,Morning,Douglas,76.76,9,185.56,New
2025-02-01,Afternoon,Pamela,105.73,10,308.83,Loyal
2024-11-11,Afternoon,Joseph,19.07,10,338.52,New
2025-03-27,Night,Susan,119.0,4,88.76,Returning
2024-11-15,Evening,Misty,14.44,1,31.63,Loyal
2024-11-28,Afternoon,Cristian,74.61,8,365.31,Loyal
2024-12-27,Afternoon,Danielle,106.47,5,300.32,Loyal
2025-01-09,Afternoon,Deborah,98.41,0,472.71,Loyal
2024-11-29,Night,Nicole,14.28,5,93.08,Returning
2024-12-03,Evening,Erica,20.97,9,237.1,Returning
2024-12-21,Evening,David,44.55,10,418.91,New
2025-04-07,Afternoon,John,78.09,6,101.5,Loyal
2025-01-28,Evening,Hunter,121.59,2,290.26,Loyal
2025-03-08,Night,Cody,89.63,10,486.56,Loyal
2025-04-25,Evening,Olivia,40.91,7,240.92,Returning
2025-03-16,Morning,Richard,9.27,5,376.69,New
2025-04-23,Evening,Mike,107.12,4,278.49,Returning
2025-03-27,Morning,Melinda,35.78,3,163.96,Returning
2025-03-13,Night,Rodney,92.11,8,316.45,Loyal
2025-03-22,Afternoon,Gabriel,15.7,3,355.56,Returning
2024-11-05,Evening,Kelly,93.14,1,104.64,Returning
2024-12-10,Afternoon,Kevin,125.15,9,85.23,New
2025-02-09,Night,Michael,108.45,0,436.81,New
2025-04-19,Night,Bobby,133.78,2,334.29,Loyal
2024-12-31,Evening,Robert,134.04,7,120.11,New
2024-11-06,Night,Stephanie,62.25,6,227.31,New
2024-12-25,Morning,Matthew,130.03,10,441.04,Loyal
2025-01-30,Evening,Dana,8.94,0,56.85,New
2024-12-31,Afternoon,Angela,131.58,3,68.8,Returning
2025-04-27,Evening,Michael,122.89,9,75.88,Loyal
2025-04-03,Evening,Cheryl,31.1,10,452.31,Returning
2025-01-10,Evening,Chad,22.15,8,341.26,Loyal
2025-01-31,Morning,Steven,91.65,6,437.76,New
2025-01-28,Evening,Laura,46.06,9,410.18,Loyal
2025-04-13,Afternoon,Victor,91.16,3,195.66,New
2024-11-28,Afternoon,Michael,98.61,3,265.35,Loyal
2024-12-03,Afternoon,Erica,62.99,10,328.19,New
2024-11-04,Afternoon,Derek,139.84,6,185.29,Returning
2025-03-02,Evening,Michael,71.04,1,116.9,Loyal
2025-04-13,Afternoon,Todd,44.37,9,230.1,Returning
2025-03-18,Afternoon,Matthew,136.74,4,374.09,Returning
2024-11-13,Evening,Jon,21.94,7,107.85,New
2025-01-30,Afternoon,Jacqueline,106.82,8,71.05,Returning
2024-11-01,Morning,Kenneth,68.73,3,95.79,New
2025-01-17,Afternoon,Stephanie,46.45,10,194.49,New
2025-03-28,Evening,Kristin,41.36,9,213.76,Loyal
2025-04-12,Night,Rose,122.16,3,442.39,New
2025-03-18,Night,Stefanie,89.06,4,402.87,Loyal
2025-04-21,Evening,Matthew,50.65,0,55.3,New
2024-12-25,Morning,Logan,43.54,1,328.56,Returning
2025-02-25,Afternoon,Holly,147.11,3,168.37,Returning
2025-02-18,Afternoon,Charles,67.01,8,333.67,Returning
2025-03-17,Evening,Kim,86.92,3,438.84,Loyal
2025-03-05,Night,Travis,107.09,4,318.23,Returning
2024-12-20,Afternoon,Jade,121.12,1,309.55,Returning
2025-04-24,Morning,David,100.19,1,194.57,Loyal
2024-11-19,Night,Steven,125.44,0,257.91,New
2025-01-22,Evening,Brandon,93.13,7,37.96,New
2025-04-12,Night,Russell,16.68,7,133.43,Loyal
2025-03-21,Afternoon,Suzanne,86.11,10,354.29,Loyal
2025-03-31,Night,Ricardo,71.78,1,289.21,Loyal
2025-04-09,Night,Stanley,136.49,10,72.0,Loyal
2024-11-27,Afternoon,Philip,109.81,8,429.5,Returning
2025-04-13,Morning,Danielle,71.16,7,101.49,Loyal
2025-03-23,Morning,Daniel,55.25,6,239.21,Loyal
2024-11-07,Morning,Victor,64.06,8,149.44,Loyal
2025-04-19,Afternoon,Michael,52.84,2,371.08,Loyal
2024-12-14,Morning,Miguel,13.54,7,441.43,Returning
2025-01-14,Evening,Brian,144.67,6,231.27,New
2025-03-16,Afternoon,Brenda,139.9,7,380.21,Loyal
2024-11-18,Evening,William,140.49,4,377.87,Loyal
2024-12-30,Evening,Jose,129.82,4,196.02,Returning
2024-11-02,Afternoon,Sharon,135.83,10,392.12,Loyal
2024-11-06,Evening,Thomas,149.73,3,149.08,Returning
2025-03-13,Afternoon,Tonya,60.5,8,295.03,New
2024-11-04,Afternoon,Matthew,130.86,3,289.93,Loyal
2024-12-24,Afternoon,Christopher,77.77,8,239.51,Returning
2024-10-30,Morning,Michael,19.24,7,438.41,Loyal
2024-11-28,Night,Patricia,42.14,0,324.68,Returning
2024-11-04,Evening,Randy,51.0,2,483.13,Returning
2025-01-03,Night,Olivia,98.57,5,488.26,New
2024-11-12,Afternoon,Sharon,21.67,2,155.15,Loyal
2024-12-04,Morning,Robert,95.77,0,133.55,Loyal
2025-03-28,Night,Emily,89.49,1,399.64,New
2025-04-05,Night,George,34.1,6,172.24,Loyal
2025-03-13,Morning,Ann,143.69,8,374.94,New
2025-02-21,Afternoon,Dylan,138.34,3,382.62,Returning
2024-11-30,Morning,Victor,149.12,2,164.57,Loyal
2025-01-06,Night,Darlene,120.71,4,45.4,New
2025-04-14,Afternoon,Gilbert,129.98,2,427.16,Loyal
2025-01-22,Evening,Carolyn,49.56,4,392.53,Loyal
2024-12-09,Morning,Stephen,69.14,2,157.81,Loyal
2024-11-17,Evening,Wendy,14.98,7,147.08,New
2025-01-01,Afternoon,Samantha,34.61,5,253.61,New
2025-02-17,Night,Kelly,72.82,8,414.0,Loyal
2024-12-20,Night,Jenny,11.32,2,438.23,New
2025-01-13,Evening,Sean,15.28,9,330.77,Returning
2024-12-21,Afternoon,Brooke,40.2,8,440.03,Returning
2025-02-16,Evening,Thomas,117.66,10,189.54,Returning
2025-02-11,Night,Christina,149.74,3,202.2,New
2025-04-21,Morning,Max,20.54,2,92.52,Loyal
2024-12-26,Night,Elizabeth,39.14,7,497.43,Loyal
2025-04-18,Afternoon,Brian,11.59,9,254.56,Returning
2025-02-20,Afternoon,Jennifer,71.8,4,254.89,Returning
2024-11-20,Evening,Brianna,119.16,0,327.32,Loyal
2025-02-03,Evening,Gary,55.16,10,475.38,Loyal
2024-12-04,Morning,Janet,122.42,2,318.33,Loyal
2025-02-11,Night,Courtney,137.41,0,81.28,Returning
2025-03-06,Afternoon,Linda,70.66,6,41.83,Loyal
2025-04-06,Afternoon,Thomas,44.81,5,160.65,Loyal
2024-12-21,Night,Joseph,55.3,3,394.03,Returning
2025-03-30,Evening,John,23.97,10,190.75,Returning
2025-02-28,Afternoon,Christine,66.74,10,161.97,Returning
2025-02-15,Night,Christopher,38.38,7,494.34,New
2025-04-29,Afternoon,Emily,110.51,3,187.16,Loyal
2025-03-05,Evening,Christopher,77.48,9,455.88,Returning
2025-03-24,Evening,Sonya,90.17,10,478.18,Returning
2025-01-11,Evening,Jason,25.48,3,195.28,Returning
2025-03-05,Afternoon,Joshua,51.94,2,306.04,New
2024-12-29,Night,Teresa,67.54,2,244.73,Loyal
2024-12-08,Morning,Joanne,133.85,10,375.18,Returning
2025-04-04,Afternoon,David,133.05,2,318.83,New
2024-12-30,Morning,Christine,89.33,4,211.55,Loyal
2024-11-22,Evening,Tiffany,97.04,1,389.51,Loyal
2025-02-09,Morning,Michael,9.94,1,65.44,Returning
2025-03-14,Afternoon,Steven,23.83,4,236.84,New
2025-02-09,Morning,Pamela,66.93,0,171.66,New
2025-01-22,Night,Sandra,83.29,10,457.0,Returning
2024-11-09,Evening,Tim,15.65,10,425.46,Returning
2024-11-01,Night,Jamie,103.47,1,327.1,Loyal
2025-01-01,Evening,Kyle,36.53,10,479.33,Returning
2025-02-12,Night,Denise,95.21,8,476.59,Loyal
2025-04-15,Afternoon,Randy,48.26,5,153.46,Loyal
2025-01-03,Night,Summer,102.76,9,370.7,New
2025-01-20,Evening,David,73.52,4,434.54,Loyal
2025-03-04,Afternoon,Alyssa,101.69,4,174.87,New
2024-12-22,Morning,Lawrence,140.71,9,361.39,Returning
2024-12-28,Afternoon,James,94.05,6,103.15,Loyal
2025-01-19,Evening,Benjamin,125.55,9,132.65,New
2025-03-25,Afternoon,Amy,76.45,3,275.73,Returning
2024-12-01,Evening,Douglas,24.47,5,102.27,Returning
2024-11-26,Afternoon,Jennifer,23.28,0,203.97,Loyal
2025-01-09,Afternoon,William,139.86,9,318.7,Returning
2024-12-06,Evening,John,126.54,4,184.88,Returning
2025-03-25,Morning,Joseph,133.83,4,439.04,New
2024-12-09,Night,Heather,139.45,4,182.6,New
2024-12-03,Afternoon,Jason,24.58,4,397.95,Loyal
2024-12-31,Morning,Andrew,22.87,7,333.46,Loyal
2025-02-14,Afternoon,Shannon,32.4,2,79.43,Loyal
2025-02-26,Night,Deanna,97.57,10,254.75,Loyal
2025-03-03,Morning,Charles,146.0,9,487.8,Loyal
2025-03-22,Night,Donald,42.17,7,283.99,Loyal
2025-02-24,Afternoon,Jon,12.85,2,193.72,Loyal
2024-11-23,Evening,Theresa,33.69,4,391.42,Loyal
2025-03-20,Night,Katie,52.05,4,65.98,Loyal
2025-01-15,Morning,Margaret,113.75,6,449.48,New
2024-12-10,Morning,Kathryn,126.73,9,122.09,New
2025-02-13,Afternoon,Shawn,29.75,3,342.2,Returning
2024-11-30,Night,Robert,108.62,8,282.57,Loyal
2025-04-09,Night,Vanessa,35.04,4,189.72,Loyal
2025-01-20,Morning,Laura,143.07,0,310.92,Returning
2025-03-22,Night,Shannon,47.02,7,240.95,Loyal
2025-04-20,Afternoon,Rickey,93.0,10,209.34,Returning
2024-10-31,Night,David,72.42,10,60.8,Returning
2025-02-05,Morning,Stephanie,95.43,10,207.9,New
2025-01-27,Afternoon,Walter,98.98,1,325.68,Returning
2025-02-03,Evening,Lucas,19.28,6,124.64,New
2024-11-23,Night,Mary,62.2,8,303.97,Returning
2025-03-05,Evening,Jeffrey,16.95,4,333.42,New
2025-01-20,Night,Robert,51.3,5,202.33,Returning
2025-02-15,Afternoon,Deborah,9.87,7,84.25,Loyal
2024-12-04,Afternoon,Scott,22.51,10,389.7,New
2024-11-17,Evening,Penny,13.22,9,369.73,Returning
2024-11-27,Evening,Edward,148.78,9,369.68,Loyal
2024-11-29,Night,Maria,110.32,0,487.63,New
2025-04-12,Evening,Daniel,68.8,10,263.07,Returning
2025-01-10,Afternoon,Joseph,35.13,0,282.51,Loyal
2025-01-16,Morning,Veronica,143.77,3,373.57,Returning
2025-04-28,Afternoon,Jeffrey,25.26,6,36.32,Loyal
2025-04-19,Morning,David,21.28,6,302.63,Loyal
2024-12-28,Afternoon,Donna,55.62,10,35.78,Loyal
2025-03-13,Evening,Jessica,116.73,9,429.08,New
2024-11-19,Night,Jennifer,105.03,0,120.59,Returning
2025-03-04,Morning,Rachel,97.41,8,56.08,New
2025-03-08,Evening,Jeffrey,36.35,3,145.3,Returning
2025-03-29,Evening,Jessica,77.74,0,354.7,Returning
2025-01-20,Afternoon,Denise,5.14,5,199.9,Returning
2024-12-30,Afternoon,Katrina,43.39,0,166.4,New
2025-03-19,Night,Carlos,44.72,4,320.93,New
2024-12-17,Afternoon,Susan,48.61,7,123.71,New
2024-11-26,Morning,Angela,88.51,5,195.24,New
2024-12-09,Afternoon,Tiffany,73.13,6,287.93,Loyal
2024-11-30,Morning,Joe,117.73,6,221.95,New
2025-01-17,Afternoon,Jade,57.89,8,225.45,Returning
2025-04-01,Morning,Samantha,126.42,8,225.33,Returning
2024-11-10,Night,Ashley,117.18,6,171.74,New
2025-02-07,Night,Jonathan,64.2,10,242.31,New
2025-04-22,Afternoon,Debra,106.79,9,400.05,New
2025-02-24,Night,Elizabeth,63.76,2,174.53,New
2024-12-21,Night,Robin,75.18,1,436.98,Returning
2024-12-24,Evening,Christina,120.35,1,34.38,Loyal
2025-03-18,Night,Pamela,95.09,2,357.2,New
2025-02-24,Evening,Jennifer,94.69,9,295.97,Loyal
2024-12-31,Evening,Sabrina,34.38,0,78.39,Loyal
2025-02-02,Evening,Edward,48.72,10,429.4,Returning
2025-02-09,Afternoon,Kimberly,9.06,7,291.31,New
2025-01-13,Evening,Lauren,131.88,3,360.31,Loyal
2024-11-29,Afternoon,Tina,57.62,1,139.3,Returning
2025-01-22,Afternoon,Patrick,142.07,5,115.09,Loyal
2024-11-26,Morning,Matthew,142.02,5,203.3,Returning
2025-02-24,Night,Connie,144.66,8,419.08,Returning
2025-04-26,Evening,Luis,49.08,8,352.01,Loyal
2025-02-23,Night,Charles,128.61,0,222.14,Loyal
2024-11-23,Morning,Andrea,112.83,7,181.31,New
2025-01-24,Afternoon,Jeffrey,34.14,6,181.39,Loyal
2024-11-03,Night,Jacqueline,80.63,9,168.65,Loyal
2024-12-31,Night,Brandon,26.19,4,360.79,Returning
2025-03-08,Morning,Dawn,108.51,0,83.39,Returning
2025-01-13,Afternoon,Amanda,15.88,4,159.55,Loyal
2024-12-28,Afternoon,Christopher,93.84,2,75.21,Returning
2025-04-17,Evening,Lindsey,65.28,1,418.83,New
2025-02-04,Afternoon,Victoria,85.79,6,85.15,New
2024-11-30,Morning,Jennifer,24.95,1,139.23,Returning
2025-03-17,Morning,Ashley,132.26,3,468.23,Loyal
2025-04-16,Afternoon,Molly,67.65,3,485.42,Returning
2025-04-15,Night,Jacob,89.19,1,170.93,Loyal
2025-02-11,Morning,Brenda,21.97,0,82.66,Returning
2025-04-04,Morning,Patricia,82.03,6,100.31,Loyal
2025-04-11,Morning,Steven,17.8,6,272.6,Loyal
2025-04-26,Morning,Douglas,104.49,1,172.2,Returning
2025-03-07,Afternoon,Brian,72.7,7,379.69,New
2025-01-29,Morning,Michael,90.54,2,356.62,Returning
2024-11-23,Morning,Jeremy,59.18,3,178.02,Returning
2024-11-03,Afternoon,Steven,87.26,7,419.05,Returning
2025-03-05,Morning,Nicole,148.46,9,126.03,New
2025-03-22,Evening,Ann,121.73,1,131.1,New
2025-02-16,Night,Alexis,66.49,5,136.6,Loyal
2024-12-31,Afternoon,Randall,90.39,4,67.7,Returning
2024-11-03,Morning,Pamela,45.84,9,135.3,Returning
2025-02-08,Night,Mary,100.27,6,113.18,Loyal
2025-03-21,Evening,Matthew,134.59,8,458.79,Loyal
2025-03-22,Evening,Susan,92.2,2,162.55,New
2024-12-27,Morning,Samantha,137.38,4,306.59,Returning
2025-04-12,Evening,Megan,68.8,4,423.75,Loyal
2024-11-17,Evening,Diane,146.22,2,48.42,Returning
2025-01-12,Evening,Janice,25.71,1,85.69,New
2025-03-04,Morning,Carolyn,149.18,7,185.1,Loyal
2025-04-27,Afternoon,Gabrielle,52.65,8,388.91,Returning
2025-03-12,Evening,Kevin,130.48,6,487.32,Loyal
2025-01-07,Morning,Brian,89.05,9,49.54,Returning
2024-12-27,Night,David,133.63,4,416.25,New
2025-03-20,Afternoon,Jeffrey,145.34,7,325.69,Loyal
2024-11-19,Night,Jonathan,98.28,2,293.11,Returning
2025-04-04,Evening,Benjamin,132.78,9,345.48,Returning
2024-11-28,Afternoon,Angela,111.06,0,147.65,Returning
2025-01-13,Afternoon,Jillian,7.07,0,161.39,New
2025-04-05,Afternoon,Stephen,64.29,10,416.86,Returning
2025-03-20,Morning,William,119.12,5,299.0,Returning
2025-02-24,Night,Christopher,7.42,4,474.35,Returning
2025-04-15,Morning,Roberto,149.97,1,185.55,New
2025-04-17,Afternoon,Joan,22.81,7,294.32,New
2024-11-11,Morning,Christopher,32.59,7,413.59,New
2025-01-13,Night,Brian,49.59,7,252.54,Loyal
2024-12-20,Evening,Steven,111.4,2,347.73,Loyal
2025-03-08,Night,Richard,146.4,2,374.59,Returning
2025-01-01,Evening,Bruce,7.34,0,222.91,New
2024-11-04,Afternoon,Paula,47.34,6,51.96,New
2025-01-28,Night,Brian,121.51,8,279.91,New
2024-11-17,Night,Dennis,33.08,4,142.84,Loyal
2024-11-27,Evening,Ashley,17.49,2,26.33,Returning
2024-11-23,Afternoon,Logan,15.06,8,164.56,New
2025-01-03,Morning,Melanie,66.81,10,472.36,Loyal
2025-04-15,Afternoon,Mary,47.43,6,436.21,Returning
2025-01-02,Evening,Misty,57.33,9,153.5,Returning
2025-03-03,Evening,Kevin,87.46,4,245.89,New
2024-10-30,Afternoon,John,55.86,4,79.05,Returning
2025-02-19,Morning,Jo,104.51,0,37.19,New
2024-10-31,Morning,Elizabeth,129.34,1,410.33,Loyal
2025-03-20,Night,Robert,78.31,0,266.71,Returning
2025-04-09,Night,Sarah,30.98,1,169.96,Returning
2025-03-21,Morning,Corey,105.18,5,247.48,Loyal
2025-03-13,Morning,Russell,83.28,6,412.63,Loyal
2025-02-11,Night,Michael,18.39,9,344.21,New
2025-02-26,Evening,Gregory,68.58,3,173.83,Returning
2025-02-08,Night,Sharon,111.15,4,438.16,New
2024-11-09,Afternoon,Micheal,81.28,6,349.01,New
2025-04-12,Evening,Zachary,51.81,0,216.97,Returning
2025-01-19,Morning,Kevin,104.87,7,314.1,Loyal
2025-02-13,Night,Robert,82.28,5,324.65,Returning
2025-01-14,Evening,Kenneth,88.21,5,268.74,Loyal
2025-01-11,Afternoon,Cheryl,110.64,7,322.85,Returning
2025-01-17,Night,Travis,37.89,0,486.28,Returning
2025-02-20,Morning,Nicholas,124.81,8,233.13,Loyal
2025-01-15,Evening,Monica,80.42,8,205.96,Loyal
2025-03-29,Night,Katherine,92.1,8,385.98,Returning
2025-01-21,Night,Rebecca,46.31,2,158.58,Returning
2024-11-18,Night,Teresa,41.6,4,320.14,Loyal
2025-02-20,Morning,Jeffery,69.65,8,104.19,New
2024-12-03,Afternoon,Claudia,35.9,6,143.43,Returning
2025-04-20,Night,Justin,27.23,8,417.2,Loyal
2025-02-22,Afternoon,Jennifer,128.25,5,339.97,Loyal
2025-04-12,Afternoon,Timothy,89.54,3,421.36,Loyal
2025-02-21,Afternoon,Melissa,37.06,1,331.17,Returning
2025-02-23,Evening,Shawn,119.27,3,289.95,Loyal
2024-12-17,Evening,Lisa,90.17,10,435.82,New
2025-04-30,Afternoon,Justin,97.06,8,425.63,Loyal
2025-04-02,Morning,Katherine,108.1,2,307.2,Loyal
2025-04-22,Night,Andrew,98.75,4,338.54,Returning
2024-12-22,Morning,Penny,66.27,10,468.28,New
2025-04-03,Afternoon,Lisa,91.18,5,268.62,Returning
2025-01-22,Evening,Jennifer,70.99,10,241.13,Loyal
2024-12-08,Night,Christopher,133.59,1,125.28,New
2025-01-11,Afternoon,Frank,95.38,10,254.82,New
2024-12-16,Evening,Marie,55.21,1,63.07,New
2025-02-05,Night,James,114.17,10,326.01,New
2025-01-21,Evening,Jessica,7.22,7,459.55,Loyal
2025-02-14,Evening,Robert,51.35,3,237.35,Returning
2025-01-06,Afternoon,Clifford,109.09,7,474.12,Loyal
2025-02-21,Morning,Erin,86.5,5,258.13,Returning
2025-04-13,Afternoon,Kayla,118.65,7,61.13,Loyal
2024-11-28,Evening,Elizabeth,26.78,7,145.17,Loyal
2025-02-11,Evening,Wesley,16.7,6,113.72,Loyal
2025-01-25,Morning,Robert,91.09,0,338.96,New
2025-03-12,Morning,David,50.81,7,61.9,Returning
2025-02-25,Night,Gregory,65.05,9,315.19,New
2024-12-20,Afternoon,William,89.68,8,386.35,New
2024-12-05,Afternoon,Daniel,18.78,10,184.45,Loyal
2025-03-12,Afternoon,Melissa,99.75,2,274.21,Returning
2025-04-05,Night,Karen,43.69,6,400.63,Loyal
2025-04-05,Night,Jacob,83.49,5,177.84,Returning
2025-03-11,Afternoon,Alexandra,21.94,5,280.31,Returning
2024-12-16,Morning,Ronald,66.18,8,385.78,Loyal
2025-04-23,Evening,Frances,107.14,3,467.08,New
2025-04-15,Evening,Emily,43.32,4,273.96,Loyal
2024-12-13,Evening,Barbara,32.83,3,148.8,Loyal
2025-01-19,Night,Kelly,106.56,5,252.05,New
2024-12-05,Evening,Mercedes,71.07,7,57.74,New
2025-01-07,Evening,Joshua,101.54,7,286.08,Returning
2024-12-11,Afternoon,Sarah,148.19,7,467.01,New
2025-02-05,Night,Sharon,16.13,10,350.91,Returning
2025-02-06,Evening,Jesse,89.86,4,379.49,Loyal
2024-11-26,Evening,Sheri,107.99,5,52.09,Loyal
2025-01-01,Night,James,103.32,9,59.19,New
2025-04-27,Night,Logan,148.62,8,432.2,Loyal
2025-04-01,Night,Evelyn,90.06,6,241.21,Returning
2025-04-14,Night,Sabrina,35.06,3,480.8,Returning
2025-03-23,Morning,Karina,107.43,0,146.8,Loyal
2025-03-08,Afternoon,Leah,30.4,1,255.65,Loyal
2024-12-09,Evening,Rebecca,16.02,2,30.81,New
2025-02-16,Morning,Michael,80.76,3,156.89,Returning
2024-11-22,Evening,Jessica,149.55,8,439.7,New
2024-12-29,Night,Nicolas,96.95,0,149.99,Loyal
2025-03-09,Morning,Lori,87.2,4,434.06,New
2025-02-17,Afternoon,Tammy,23.82,5,339.12,Returning
2025-04-08,Afternoon,Kevin,62.06,3,150.83,Loyal
2024-11-16,Evening,Bonnie,103.99,8,411.49,New
2025-04-28,Afternoon,Anthony,106.19,8,202.05,Loyal
2025-03-03,Evening,Luis,21.71,8,90.93,Loyal
2024-12-28,Night,James,55.97,3,275.62,New
2024-10-31,Afternoon,Michelle,107.0,6,384.47,Loyal
2025-01-07,Night,Paul,51.48,4,420.67,Returning
2025-02-20,Evening,Jeff,41.68,8,149.05,New
2025-02-12,Evening,Amanda,100.24,2,208.85,Loyal
2024-11-03,Morning,April,35.54,9,107.26,Returning
2025-01-11,Evening,Sarah,76.5,2,335.86,Loyal
2025-01-18,Evening,Kathryn,71.33,9,423.8,New
2025-02-24,Morning,Kristina,114.89,2,208.72,Loyal
2025-04-06,Afternoon,Margaret,61.03,7,153.62,Returning
2025-02-21,Night,Mitchell,39.49,8,321.4,Returning
2024-11-09,Morning,Megan,137.82,5,498.56,Returning
2025-04-25,Evening,Jamie,146.17,2,97.54,Returning
2025-04-09,Evening,Marcus,89.9,4,431.38,New
2024-11-30,Afternoon,Jesse,68.19,0,324.26,Returning
2025-01-31,Morning,Tyler,21.97,2,360.53,Loyal
2025-02-03,Morning,Rachael,77.35,10,46.65,New
2025-04-13,Afternoon,Candice,56.12,2,349.53,Loyal
2025-03-21,Night,Mitchell,46.28,0,351.12,Loyal
2025-01-13,Morning,Suzanne,28.37,3,376.26,Loyal
2024-12-22,Night,Wanda,44.45,2,74.87,New
2024-12-29,Afternoon,Andrea,13.03,9,393.87,Loyal
2025-01-20,Morning,James,8.2,2,119.36,New
2024-12-27,Morning,Marie,12.65,10,200.42,New
2025-04-05,Morning,Heather,149.12,0,489.41,Loyal
2024-10-30,Night,David,24.6,4,207.01,New
2025-01-02,Night,Candace,12.43,9,127.82,Returning
2024-10-30,Morning,Joshua,149.29,10,75.35,Loyal
2025-01-14,Evening,Jackson,83.34,5,497.71,Loyal
2024-12-21,Morning,Rodney,8.02,9,442.94,Returning
2025-04-20,Morning,Ryan,127.17,2,363.78,New
2024-11-20,Night,Amy,65.68,9,28.99,Returning
2025-04-25,Evening,Alexandra,109.94,9,397.37,Loyal
2025-03-04,Afternoon,Miguel,41.12,7,147.78,Returning
2024-12-24,Afternoon,Patricia,101.46,8,256.01,New
2025-04-07,Evening,Pamela,52.44,5,381.79,Loyal
2024-12-24,Night,Allen,46.38,8,377.6,Returning
2024-12-26,Night,Roy,99.41,9,28.77,New
2025-01-09,Morning,Anita,30.14,3,71.35,Loyal
2025-03-24,Morning,Amber,36.57,1,163.64,Returning
2025-04-10,Night,Tina,78.53,9,107.98,Loyal
2025-02-13,Evening,Tiffany,127.89,3,396.18,Returning
2024-12-30,Evening,Kristin,60.05,5,354.29,Returning
2025-02-03,Morning,Richard,61.94,6,73.45,New
2025-02-10,Night,James,125.58,2,343.79,Returning
2025-02-28,Afternoon,Victoria,30.72,1,191.99,Returning
2024-12-30,Morning,Robert,138.22,10,62.07,Loyal
2025-04-24,Night,Lisa,144.85,2,223.21,Loyal
2025-01-09,Night,Brian,102.9,3,418.43,New
2025-02-25,Morning,Tyler,85.27,6,106.08,New
2025-01-12,Night,Dean,67.66,2,483.59,Loyal
2025-01-10,Evening,Barbara,108.18,10,207.91,Loyal
2025-04-22,Evening,Sheila,26.78,4,337.66,New
2025-02-23,Afternoon,Barry,130.94,0,434.0,Returning
2024-12-29,Evening,Linda,121.52,5,136.31,Loyal
2024-12-02,Afternoon,Elizabeth,14.77,7,376.75,New
2024-12-25,Afternoon,Joshua,54.46,8,430.37,New
2024-12-27,Night,John,103.39,3,263.91,New
2024-12-08,Evening,Jill,19.23,0,320.09,Returning
2025-02-16,Night,Timothy,97.2,4,247.06,New
2025-03-03,Afternoon,David,113.5,9,83.27,Returning
2025-04-13,Night,Diana,83.99,3,207.35,Returning
2025-01-12,Evening,Steven,135.67,5,210.24,Returning
2025-04-09,Afternoon,Derrick,19.86,7,305.88,Returning
2024-12-08,Evening,Karen,77.54,2,484.77,Returning
2024-12-25,Afternoon,Brenda,45.69,8,89.63,New
2025-02-02,Evening,Carlos,65.31,3,443.37,Loyal
2025-01-14,Night,Kim,82.92,5,61.5,Returning
2025-01-06,Afternoon,Christopher,126.85,6,372.61,New
2025-01-08,Evening,Barbara,30.14,7,141.86,New
2025-02-01,Evening,Katie,9.34,5,278.91,Returning
2025-03-22,Afternoon,Mckenzie,56.94,0,139.35,Returning
2025-03-07,Evening,Gina,73.91,4,76.66,New
2025-02-28,Night,Leah,52.37,9,396.24,Loyal
2024-12-19,Night,Toni,77.55,3,390.71,Returning
2024-12-06,Evening,Sonya,103.38,5,313.85,Returning
2025-04-19,Afternoon,Ariana,19.23,4,422.76,New
2024-11-09,Morning,Fred,100.74,7,305.65,Returning
2025-03-10,Evening,Christy,61.45,3,196.66,Returning
2024-12-14,Morning,Jamie,123.33,1,358.91,Returning
2025-02-02,Afternoon,Bianca,132.1,1,175.64,Loyal
2025-01-09,Afternoon,Angela,116.43,1,209.6,New
2024-12-27,Night,Catherine,112.67,0,448.39,Loyal
2025-03-24,Morning,Gregory,130.42,3,146.09,Returning
2025-02-04,Night,Maria,128.34,3,318.43,Loyal
2024-12-25,Afternoon,Kathy,116.27,2,447.1,New
2024-12-13,Night,Paul,123.27,10,344.52,Returning
2024-12-06,Morning,Kimberly,113.61,10,133.58,Returning
2024-11-06,Night,Scott,11.94,4,181.91,Returning
2024-12-12,Afternoon,Victoria,34.23,7,145.07,New
2024-11-21,Afternoon,Grace,54.21,6,370.6,Returning
2025-01-22,Night,Lawrence,78.86,4,480.89,New
2025-04-06,Evening,Andrea,56.65,10,229.67,Returning
2024-12-25,Morning,Gloria,75.04,6,485.89,New
2025-04-19,Evening,Amanda,59.61,3,76.98,Loyal
2024-12-31,Evening,Teresa,28.42,5,167.97,New
2024-11-29,Evening,Rebecca,66.95,6,404.55,New
2025-04-20,Afternoon,Michael,35.15,0,490.86,Loyal
2025-01-15,Evening,Christina,79.0,5,128.66,Loyal
2024-11-03,Evening,Brittany,77.68,0,247.36,Loyal
2025-02-03,Night,Kathleen,104.72,9,443.94,New
2025-04-09,Afternoon,Heather,48.42,7,339.3,Returning
2025-02-09,Afternoon,Gina,123.18,4,256.24,Loyal
2025-01-19,Evening,Sarah,44.4,0,49.3,Returning
2025-01-18,Night,David,18.48,2,463.63,Loyal
2024-11-01,Afternoon,Edward,87.12,7,434.38,New
2024-12-14,Morning,Betty,29.17,6,103.79,New
2025-02-24,Evening,Jeffrey,68.66,5,197.86,New
2024-12-12,Evening,Ashley,144.59,7,21.36,Loyal
2025-02-22,Morning,Brian,14.53,6,126.6,Returning
2024-12-09,Night,Christopher,92.27,7,413.28,Returning
2025-01-03,Night,Corey,41.87,2,100.97,Returning
2025-01-10,Evening,Monique,58.14,1,295.03,Returning
2025-04-22,Morning,Wendy,114.45,0,199.68,Returning
2025-04-13,Afternoon,Maria,9.35,7,48.91,Returning
2024-11-07,Afternoon,Angela,74.8,6,469.54,New
2025-02-18,Night,Carl,77.71,0,213.93,New
2024-11-11,Afternoon,Madison,93.63,1,146.89,Returning
2024-12-15,Afternoon,Alice,22.81,1,114.48,Returning
2024-12-27,Morning,Robert,112.8,7,246.23,Loyal
2025-01-04,Evening,Kenneth,79.02,9,359.81,New
2025-03-30,Afternoon,Monica,147.87,9,292.22,New
2024-12-23,Evening,Amanda,61.87,9,408.88,New
2025-02-23,Evening,Courtney,29.61,7,212.34,New
2024-11-12,Evening,Brian,94.72,0,68.62,Returning
2025-01-30,Night,Erica,127.89,3,26.05,Loyal
2024-12-27,Afternoon,Seth,91.76,3,365.79,Loyal
2025-03-02,Morning,Mary,13.55,9,73.66,Returning
2025-04-26,Evening,Michael,46.92,0,306.07,Loyal
2024-12-13,Night,Sherry,43.62,6,399.14,Loyal
2025-03-08,Afternoon,Adrian,149.08,9,262.63,New
2025-03-16,Evening,Michael,37.04,2,455.88,New
2025-02-01,Morning,Robert,137.47,0,150.99,Returning
2025-01-08,Night,Scott,105.93,8,216.92,New
2025-02-01,Night,James,123.13,3,450.18,Loyal
2024-12-05,Morning,Derek,25.24,7,152.54,Loyal
2025-01-21,Morning,Pamela,149.74,4,487.05,New
2025-01-28,Morning,Zachary,39.53,6,405.99,New
2025-03-20,Afternoon,David,28.61,6,387.58,Loyal
2025-01-28,Evening,Crystal,121.79,9,497.25,Loyal
2025-03-10,Morning,Darius,20.71,10,160.08,Returning
2025-04-25,Evening,Jody,37.98,9,393.28,Returning
2025-01-31,Morning,Desiree,62.48,1,33.79,Returning
2024-12-14,Night,Walter,113.43,3,42.77,Returning
2025-01-03,Afternoon,Jennifer,65.7,4,433.6,New
2025-02-27,Morning,Dustin,79.92,7,153.34,New
2025-01-23,Afternoon,Felicia,90.78,1,163.32,Loyal
2024-12-31,Night,Leah,44.9,0,82.04,New
2025-03-07,Morning,Justin,35.63,1,266.22,Loyal
2024-11-29,Afternoon,Marcia,80.81,8,377.54,Returning
2024-12-15,Night,Kevin,113.55,8,267.42,Loyal
2025-03-08,Morning,Stephen,59.83,9,444.62,Loyal
2024-11-18,Evening,Leah,43.61,2,346.29,Loyal
2025-04-08,Evening,Ruth,147.4,2,87.35,Returning
2024-11-11,Evening,Scott,23.64,9,20.7,New
2025-03-28,Night,Jason,54.46,8,287.21,New
2024-11-26,Afternoon,Shannon,118.87,0,293.09,Loyal
2025-03-07,Evening,Brenda,128.43,2,397.15,New
2024-12-02,Night,Allison,61.52,8,344.81,New
2025-02-23,Evening,Justin,78.22,0,237.79,Loyal
2025-02-03,Evening,Mark,111.95,3,357.91,Loyal
2024-11-21,Morning,Thomas,146.91,2,329.41,Returning
2025-01-16,Evening,Andrew,64.37,5,199.34,New
2025-04-25,Night,Anthony,112.09,2,325.03,Returning
2025-01-19,Night,Shelby,100.64,4,205.81,Returning
2025-01-12,Night,Aaron,38.21,2,231.19,Returning
2024-11-03,Morning,Lindsay,30.94,7,427.35,Returning
2025-03-10,Evening,Amanda,100.44,3,217.01,Returning
2025-04-04,Night,Nicole,71.16,5,381.99,Returning
2024-11-21,Afternoon,John,30.46,3,439.72,New
2025-04-03,Evening,Maxwell,133.02,9,249.29,Returning
2025-03-23,Evening,Robert,149.52,7,186.15,New
2024-12-23,Afternoon,Margaret,80.45,0,55.84,Returning
2025-03-19,Morning,Lauren,147.75,3,48.86,Loyal
2025-04-15,Night,Samantha,97.01,1,358.81,Returning
2024-12-07,Afternoon,Elizabeth,149.31,6,211.49,Loyal
2025-02-12,Evening,Lucas,50.79,7,385.51,New
2025-04-28,Afternoon,Robert,91.56,7,404.86,New
2024-12-28,Afternoon,William,72.35,10,316.96,New
2025-01-13,Afternoon,Nicholas,125.22,8,325.65,Loyal
2025-02-10,Evening,Jennifer,31.61,1,243.42,New
2025-02-11,Afternoon,Timothy,14.26,3,236.27,New
2025-01-14,Morning,Amanda,149.66,9,96.92,Returning
2025-03-05,Afternoon,Katherine,68.88,4,42.67,Loyal
2025-03-21,Morning,Sharon,64.31,5,110.1,New
2025-03-16,Night,Jeffrey,59.33,8,242.5,New
2025-01-20,Morning,Tonya,86.81,8,330.8,Loyal
2025-02-16,Night,Keith,89.87,3,104.02,Loyal
2024-11-11,Evening,Bianca,15.67,4,281.7,Loyal
2025-02-22,Morning,Amy,142.38,10,294.33,Returning
2025-03-23,Morning,Kevin,129.99,5,424.73,Returning
2025-03-21,Evening,Carrie,7.84,7,186.65,Loyal
2025-02-09,Afternoon,Dana,81.72,5,86.82,Returning
2025-02-04,Evening,William,48.91,3,246.47,Returning
2024-12-26,Night,Amy,114.29,7,84.56,Returning
2025-03-02,Afternoon,Adrian,79.05,7,401.69,Loyal
2025-03-16,Afternoon,Jennifer,50.41,0,492.83,Returning
2025-02-22,Night,Dale,36.51,6,297.58,New
2025-03-11,Morning,Tony,51.95,1,436.24,Loyal
2025-03-15,Afternoon,Lee,66.41,6,223.01,Loyal
2025-02-09,Evening,Lisa,130.05,0,262.66,New
2025-01-28,Evening,Rachel,93.56,2,345.85,Returning
2025-01-17,Afternoon,James,119.74,2,80.1,Loyal
2025-02-08,Afternoon,Kristy,67.8,5,350.52,New
2024-11-14,Night,Jade,115.94,1,383.59,Loyal
2025-01-04,Evening,Bradley,72.38,7,476.11,New
2025-04-22,Evening,Robin,86.35,8,339.18,Loyal
2025-04-21,Evening,James,40.4,2,148.67,Loyal
2024-12-15,Night,Samuel,53.72,5,121.65,Loyal
2024-12-23,Afternoon,Douglas,33.65,5,467.0,Returning
2025-03-29,Night,Emily,26.99,10,59.05,New
2025-02-28,Afternoon,Diana,44.41,5,472.5,Loyal
2025-01-06,Morning,Phillip,140.99,3,101.28,Loyal
2024-11-08,Morning,Anthony,75.51,2,47.8,Returning
2024-11-27,Afternoon,Franklin,139.05,5,200.99,Loyal
2024-11-05,Morning,Kelsey,131.98,4,230.67,New
2024-12-20,Morning,Taylor,140.67,0,190.9,New
2025-01-07,Morning,Jacob,125.01,4,298.48,New
2024-12-18,Night,Kathryn,46.98,7,38.6,Loyal
2025-03-03,Afternoon,Lisa,92.44,9,488.45,Returning
2025-02-08,Afternoon,Brian,11.96,1,42.07,Loyal
2024-11-27,Afternoon,Spencer,25.89,1,458.19,Returning
2025-02-19,Evening,Lisa,71.47,8,376.26,New
2025-02-15,Evening,Cory,87.74,4,121.61,New
2024-11-21,Night,Ryan,137.31,4,393.37,New
2025-03-25,Afternoon,Deanna,93.44,9,443.16,Loyal
2025-02-05,Night,Debra,40.2,9,219.4,New
2025-02-04,Afternoon,Travis,79.72,8,160.14,Returning
2024-11-27,Evening,Elizabeth,133.2,7,444.27,Returning
2024-12-24,Afternoon,Jonathan,35.37,8,487.82,New
2024-12-12,Night,Julie,68.37,2,74.37,Loyal
2024-11-09,Evening,Teresa,90.33,2,386.43,Loyal
2024-11-11,Evening,Jennifer,125.41,2,130.05,Returning
2024-12-08,Night,Erin,43.97,5,143.23,Returning
2025-04-26,Evening,Ronald,28.23,10,283.01,New
2025-04-20,Night,Amber,80.03,6,341.7,New
2025-01-28,Evening,Judy,83.98,2,60.3,Returning
2025-03-13,Morning,Latoya,101.78,0,471.89,Loyal
2024-11-10,Night,John,19.28,2,225.78,New
2025-04-07,Evening,Christopher,88.81,4,222.87,New
2025-01-02,Night,Tyler,10.17,7,58.61,Loyal
2025-01-07,Night,Jodi,148.54,1,461.57,New
2025-03-27,Night,Margaret,147.73,10,415.64,Returning
2024-12-21,Night,Crystal,16.07,2,48.62,New
2025-01-13,Evening,Pamela,116.69,4,181.76,New
2024-12-05,Evening,Justin,148.51,4,288.52,Returning
2024-12-22,Evening,Corey,110.45,2,343.86,Returning
2025-02-01,Night,Selena,131.02,2,439.97,Returning
2025-03-12,Afternoon,Brian,105.38,1,429.93,Returning
2024-11-19,Night,Julia,131.53,7,175.33,New
2025-01-09,Afternoon,Meghan,96.82,5,386.85,Returning
2024-11-22,Night,Tanya,148.71,2,154.72,Returning
2025-01-02,Night,Johnny,121.9,4,428.83,Loyal
2025-01-29,Night,David,43.86,10,408.13,Loyal
2024-12-02,Afternoon,Jacob,10.8,10,446.12,Loyal
2024-12-15,Night,Michael,78.69,9,403.46,Returning
2025-04-22,Night,Katrina,29.93,9,211.32,New
2025-04-24,Afternoon,Desiree,43.84,6,67.69,Returning
2025-03-17,Evening,Andrea,130.29,10,178.56,Returning
2024-11-15,Evening,Dylan,9.0,8,293.49,Returning
2025-02-23,Morning,Shaun,28.15,3,143.6,New
2025-04-05,Night,Kristen,50.21,8,152.23,Loyal
2024-12-11,Morning,Breanna,89.96,7,204.35,Returning
2024-12-20,Afternoon,Jennifer,139.49,8,457.93,New
2024-12-15,Morning,Daniel,121.21,2,214.85,Returning
2025-01-09,Evening,Kimberly,92.97,10,393.99,New
2024-12-18,Night,Tina,98.54,9,239.76,Loyal
2025-03-12,Evening,Kathryn,124.24,10,203.35,New
2025-02-23,Afternoon,Jeffrey,135.28,1,389.08,New
2024-12-03,Night,Emily,11.22,2,136.51,Loyal
2025-01-16,Morning,Timothy,5.01,8,131.49,Loyal
2025-04-24,Afternoon,Christopher,110.13,2,371.34,Returning
2024-12-15,Morning,Alex,138.62,3,78.7,Loyal
2025-04-02,Afternoon,Patricia,140.38,8,258.91,New
2025-01-26,Night,Steven,23.52,0,461.11,New
2025-04-19,Evening,Thomas,23.68,10,152.35,Returning
2025-02-21,Morning,David,105.54,4,163.43,Loyal
2024-12-25,Evening,Claire,49.72,8,344.06,Loyal
2025-04-15,Evening,Jordan,126.63,3,64.4,Returning
2024-11-04,Night,Matthew,51.35,7,273.21,Loyal
2024-12-25,Afternoon,Meghan,23.55,1,290.01,Returning
2025-01-26,Evening,Jose,122.82,1,136.13,New
2024-11-04,Morning,John,95.7,1,42.93,New
2025-03-06,Afternoon,Jason,21.19,7,436.34,Loyal
2024-12-29,Morning,Isaiah,66.91,7,422.33,Loyal
2025-01-25,Morning,Sara,102.8,0,340.63,Returning
2025-03-03,Evening,Dean,59.44,4,487.62,Loyal
2025-03-28,Night,Tracey,127.77,0,303.75,Returning
2025-01-04,Night,Daniel,135.34,6,375.9,New
2024-12-08,Morning,Brian,23.49,2,333.03,New
2025-03-05,Evening,Tonya,112.13,8,68.22,Loyal
2025-02-18,Morning,Gary,84.72,8,123.94,Loyal
2025-02-19,Evening,Amanda,138.03,5,110.53,New
2025-04-23,Night,Brian,126.48,6,173.09,Loyal
2024-12-20,Morning,Joseph,144.54,4,480.89,Returning
2025-03-02,Evening,John,88.65,4,346.49,Loyal
2025-04-05,Night,Cory,37.48,4,38.51,New
2024-11-18,Night,Patricia,122.13,1,287.52,Loyal
2025-04-27,Morning,Tammy,37.84,9,82.23,Loyal
2024-12-30,Afternoon,Emily,96.45,7,472.74,Loyal
2025-04-09,Afternoon,Tiffany,45.23,2,465.74,Loyal
2024-12-01,Night,Lisa,78.91,3,309.06,Returning
2025-04-11,Afternoon,Emily,82.21,6,292.03,Loyal
2025-04-06,Morning,Gerald,72.13,7,211.06,Loyal
2024-11-22,Afternoon,Benjamin,95.98,4,252.64,Returning
2024-11-20,Afternoon,Scott,44.87,3,168.09,Loyal
2025-03-08,Afternoon,Holly,148.21,9,445.54,New
2024-12-23,Morning,David,48.86,6,191.05,New
2024-11-30,Evening,Kyle,122.5,5,172.54,Loyal
2024-11-21,Night,Christopher,70.0,4,60.36,New
2024-11-14,Evening,Richard,140.83,0,142.19,New
2025-01-15,Night,Peter,67.99,7,172.78,Returning
2025-01-07,Afternoon,Travis,139.55,6,188.37,Returning
2025-03-24,Evening,Aaron,33.42,1,404.96,New
2025-03-19,Afternoon,Emily,112.41,9,182.09,Loyal
2025-04-25,Evening,Kimberly,148.38,4,207.66,Loyal
2025-04-25,Morning,Brett,8.63,0,236.5,New
2024-12-15,Afternoon,Stephen,30.17,8,465.56,Returning
2025-03-18,Night,Timothy,149.4,1,405.62,Returning
2024-12-23,Afternoon,Matthew,73.64,3,477.96,Loyal
2024-12-26,Night,Christine,32.49,8,487.46,Returning
2024-11-05,Morning,Ashley,111.03,3,370.24,New
2024-11-14,Evening,Shawn,10.53,3,53.88,New
2024-11-21,Morning,Lisa,46.69,7,474.12,New
2025-01-30,Morning,Cassidy,57.34,8,437.65,New
2025-03-02,Morning,Thomas,86.23,8,185.66,Returning
2025-03-04,Evening,Michelle,36.02,4,306.57,Loyal
2024-11-22,Night,Zachary,36.63,5,394.74,Returning
2025-02-12,Night,John,76.48,10,275.66,Loyal
2024-11-07,Morning,Kevin,24.42,0,294.37,Loyal
2025-04-06,Evening,Chelsea,128.91,10,489.62,Loyal
2025-02-27,Afternoon,Bradley,76.67,5,337.66,Loyal
2025-04-09,Morning,Joanna,24.31,10,494.42,New
2025-03-24,Afternoon,Henry,87.29,6,447.01,Loyal
2025-03-29,Afternoon,Sarah,115.82,5,333.29,Loyal
2025-04-28,Night,Joseph,72.37,8,329.79,New
2025-01-25,Evening,Gabriella,98.49,6,302.99,Loyal
2025-01-09,Morning,Heidi,50.85,3,27.8,Loyal
2024-11-12,Evening,Lisa,14.95,9,331.71,New
2025-04-14,Afternoon,Stephanie,25.35,1,315.54,New
2025-03-17,Night,John,144.83,6,80.18,New
2025-04-03,Afternoon,Jeremy,129.32,0,452.82,Returning
2025-04-30,Morning,Leonard,118.16,10,167.41,Returning
2025-02-19,Morning,Michael,149.82,6,160.76,Returning
2025-01-09,Afternoon,Thomas,8.19,10,132.71,New
2024-11-08,Night,Zoe,124.25,4,321.69,New
2024-11-13,Night,Lisa,106.36,5,204.38,New
2025-01-11,Night,Richard,44.7,0,349.18,Loyal
2024-11-16,Afternoon,Kimberly,77.0,0,285.49,New
2024-12-07,Afternoon,Aaron,91.11,1,383.65,New
2024-12-23,Morning,Joseph,19.04,4,156.02,Returning
2024-12-15,Evening,April,86.52,4,499.78,New
2024-11-22,Night,Yvonne,26.4,1,105.1,Returning
2024-11-22,Morning,Michael,116.09,8,110.25,Loyal
2025-02-27,Evening,Savannah,121.51,1,471.8,Loyal
2024-11-15,Morning,Susan,119.93,10,237.29,Loyal
2024-11-18,Night,Daniel,119.9,8,137.11,Returning
2024-12-08,Morning,Eric,146.43,7,336.91,Loyal
2025-04-07,Afternoon,Sara,54.44,0,221.83,Returning
2024-11-12,Morning,Renee,140.34,3,321.03,New
2025-01-24,Morning,Alexis,15.92,0,408.85,New
2025-03-08,Night,Amanda,59.4,5,282.48,Loyal
2024-11-17,Morning,Mary,43.36,7,343.37,Loyal
2025-03-01,Afternoon,Catherine,127.14,5,99.76,Returning
2025-04-10,Afternoon,David,73.12,8,346.02,Returning
2024-11-03,Morning,Samuel,106.39,6,339.83,Returning
2024-11-25,Morning,Jason,86.85,1,485.37,New
2025-04-26,Night,Angela,122.22,2,97.87,New
2025-02-14,Afternoon,Diane,55.09,1,283.5,Loyal
2025-04-26,Night,Sandy,113.73,10,108.05,New
2025-01-21,Evening,Amber,149.5,9,290.13,Loyal
2025-01-01,Evening,Deborah,50.02,8,406.97,Loyal
2025-01-25,Night,Alexandra,51.81,5,287.79,Loyal
2025-02-26,Night,Timothy,117.73,5,89.68,Loyal
2025-01-22,Night,Samantha,27.84,2,297.46,New
2025-04-20,Evening,James,105.29,7,436.56,Returning
2025-04-10,Night,Timothy,140.9,4,406.55,Loyal
2024-11-20,Evening,Elizabeth,126.54,2,175.62,Returning
2025-03-16,Afternoon,Kimberly,62.33,7,416.79,Loyal
2025-01-05,Morning,Lisa,79.86,3,450.64,New
2025-02-25,Evening,Chad,63.77,1,201.36,Loyal
2024-11-12,Night,Rachel,115.82,6,424.74,Returning
2024-10-30,Evening,Carolyn,47.5,4,91.1,New
2025-02-11,Afternoon,Megan,18.69,5,132.08,New
2025-02-13,Afternoon,Amanda,33.53,10,154.71,Loyal
2025-02-08,Afternoon,George,116.07,9,325.52,New
2025-01-17,Morning,Benjamin,108.23,3,46.76,New
2025-04-10,Afternoon,Jody,44.11,8,347.74,New
2024-12-07,Evening,Brian,100.46,6,83.81,Loyal
2025-02-05,Morning,Emily,39.54,3,230.25,Returning
2024-12-02,Morning,Christopher,98.16,8,97.01,New
2025-01-29,Night,Sabrina,58.54,4,187.79,Loyal
2025-02-12,Afternoon,Shannon,92.71,6,293.49,Returning
2024-11-27,Afternoon,Christian,114.42,8,259.03,Returning
2024-11-14,Night,Michelle,92.04,2,268.61,Loyal
2025-02-21,Evening,David,126.05,3,35.74,Loyal
2024-12-21,Afternoon,Sharon,137.36,7,180.77,Returning
2025-02-08,Evening,Daniel,35.42,7,396.42,New
2025-02-27,Evening,Dawn,94.05,8,356.25,Loyal
2025-02-24,Afternoon,Jennifer,54.68,3,295.2,New
2025-02-15,Morning,Rhonda,31.74,0,249.86,New
2024-12-15,Night,John,16.78,8,62.93,Returning
2024-12-14,Morning,Robert,7.01,10,27.93,Loyal
2024-12-06,Morning,Ronald,39.86,6,357.03,New
2024-12-19,Night,Edward,63.89,1,399.62,Loyal
2024-12-10,Evening,Douglas,32.1,2,428.89,Loyal
2025-04-16,Morning,Theodore,136.17,5,468.31,Returning
2025-02-04,Evening,Lori,36.18,7,71.97,New
2025-02-05,Night,Regina,44.54,6,215.09,Returning
2024-11-27,Afternoon,Teresa,121.65,7,171.15,New
2025-03-07,Morning,Connie,52.16,9,301.98,New
2025-01-17,Night,Rachel,59.42,2,487.52,New
2024-12-13,Night,Dean,29.69,9,468.39,Loyal
2025-03-22,Morning,Lisa,5.11,5,172.31,Returning
2025-02-01,Morning,Andrew,115.04,6,354.37,Returning
2024-11-15,Evening,Chelsea,110.51,4,320.01,Loyal
2025-04-19,Morning,Rhonda,67.42,7,334.23,Returning
2025-04-16,Night,Michael,128.29,1,60.93,Loyal
2024-12-09,Afternoon,Darren,29.39,2,77.49,Returning
2025-01-01,Night,Richard,129.91,0,484.73,Loyal
2024-11-08,Evening,Gerald,58.82,5,338.74,Loyal
2025-02-15,Evening,Karina,30.49,5,94.12,New
2025-03-10,Evening,Angelica,137.84,8,175.66,Loyal
2025-04-11,Evening,Jaime,11.88,10,254.41,Returning
2024-11-19,Evening,Katherine,37.55,1,334.14,Loyal
2025-03-23,Afternoon,Robert,82.38,4,305.0,Loyal
2025-04-14,Evening,Christopher,13.27,8,385.08,New
2025-01-25,Afternoon,Kevin,12.16,9,257.06,New
2025-04-10,Evening,Debbie,108.72,5,222.04,New
2025-04-06,Night,Andrew,52.96,9,288.9,Loyal
2025-02-01,Evening,Michael,122.43,4,271.52,New
2025-03-23,Evening,Bruce,145.03,5,342.81,New
2024-11-27,Morning,Katie,124.26,1,261.95,Returning
2025-02-26,Night,Carolyn,12.14,8,189.25,Returning
2024-12-12,Night,Stacey,125.77,9,129.86,Returning
2024-12-10,Night,Diana,5.94,7,342.89,Returning
2024-11-06,Night,Michelle,77.53,4,388.28,New
2025-03-17,Morning,Daniel,76.01,3,139.25,Returning
2024-11-28,Afternoon,Kristin,45.83,5,458.16,Loyal
2025-01-01,Morning,Paul,66.98,1,420.04,Returning
2025-04-23,Morning,Jason,8.78,3,177.52,New
2024-12-05,Afternoon,Patricia,108.25,2,209.38,Loyal
2025-01-04,Night,Angel,57.28,6,268.66,New
2025-01-29,Evening,Tyler,15.51,2,243.82,Loyal
2025-04-28,Morning,Rachel,40.26,2,218.54,New
2024-11-16,Night,Robyn,149.57,0,450.33,Loyal
2024-11-09,Evening,Sydney,138.35,7,393.45,Returning
2025-01-19,Afternoon,Brenda,82.98,1,386.71,Loyal
2024-12-16,Morning,Martha,139.3,2,377.0,Loyal
2025-01-03,Night,Paige,100.77,6,141.98,Loyal
2024-11-04,Evening,Deborah,97.75,6,443.57,New
2025-03-10,Afternoon,Jonathan,114.28,6,333.89,Loyal
2025-04-13,Morning,Bradley,133.09,3,301.45,New
2025-04-10,Night,Michelle,97.78,3,237.21,Loyal
2025-01-04,Morning,Jasmine,20.24,4,459.13,Loyal
2025-04-22,Afternoon,Julie,10.18,1,43.79,New
2025-03-06,Afternoon,Brandon,131.74,1,327.67,Returning
2025-02-26,Evening,Robert,87.07,9,145.47,New
2025-03-14,Evening,Rose,85.6,3,443.35,Returning
2025-03-20,Evening,James,81.86,10,304.54,New
2025-03-05,Night,Jerry,76.73,5,341.82,Loyal
2025-02-11,Evening,Sherry,115.06,10,463.51,Returning
2025-01-16,Evening,Amanda,16.33,0,177.3,Returning
2025-01-08,Night,Jacqueline,45.58,4,426.84,Loyal
2025-04-07,Afternoon,Ryan,143.55,8,492.84,New
2025-01-28,Night,Jacob,24.74,2,67.05,Returning
2024-12-07,Evening,Carol,73.09,8,370.13,Loyal
2025-02-07,Night,Whitney,17.67,1,410.77,Loyal
2025-03-14,Night,Roger,28.07,8,161.46,New
2025-03-17,Afternoon,Patricia,121.71,5,284.02,New
2025-02-16,Evening,Michael,64.88,6,210.53,Returning
2025-02-13,Morning,Aaron,70.1,2,492.63,New
2025-03-15,Night,Sarah,103.05,5,216.89,New
2025-04-12,Evening,Tiffany,44.69,0,48.4,Loyal
2024-12-27,Evening,Brittany,55.81,0,269.68,Loyal
2025-02-18,Night,Megan,142.39,4,147.53,Loyal
2024-11-09,Evening,Taylor,38.74,3,290.29,New
2025-01-04,Afternoon,James,119.81,0,423.7,New
2025-01-14,Afternoon,Kayla,117.28,2,306.04,Loyal
2024-12-01,Night,Michael,74.66,8,287.89,Loyal
2025-04-12,Evening,John,94.33,5,269.7,Returning
2025-03-27,Night,Stephen,53.65,4,402.32,New
2025-03-11,Morning,Taylor,110.45,3,241.82,Returning
2025-02-27,Evening,Brandi,81.05,7,284.52,New
2025-03-18,Evening,Stephanie,111.99,8,72.27,Loyal
2025-01-22,Evening,Jesus,26.7,10,105.25,New
2025-02-06,Morning,Jonathan,66.67,0,481.85,New
2025-02-07,Night,Cathy,124.14,3,74.49,New
2025-02-21,Evening,Andrew,130.71,6,230.78,New
2025-04-06,Evening,Johnny,92.24,0,337.24,New
2024-12-31,Evening,Sarah,145.01,8,235.13,Returning
2025-02-05,Morning,Lori,33.05,3,239.0,New
2025-03-11,Evening,Emily,12.43,6,282.28,Returning
2025-04-25,Night,Randy,147.49,2,317.11,Loyal
2025-02-03,Night,Shane,70.36,1,172.02,Loyal
2024-11-06,Night,Ralph,14.63,3,141.81,Returning
2025-04-18,Night,Melinda,125.21,6,270.21,Loyal
2024-11-09,Afternoon,Richard,145.69,6,196.27,Loyal
2025-04-23,Afternoon,William,116.12,0,379.66,Returning
2025-04-15,Morning,Annette,118.7,8,254.37,Loyal
2025-01-17,Afternoon,Adrian,36.61,8,360.97,Returning
2024-10-31,Morning,Penny,63.8,6,30.96,New
2025-02-28,Evening,Sean,117.76,2,186.56,New
2025-04-16,Afternoon,Marcus,91.76,5,443.48,New
2025-03-03,Morning,Kevin,6.43,8,166.84,Returning
2025-01-28,Evening,Robert,61.45,7,360.17,Loyal
2025-04-09,Morning,William,94.63,7,272.36,Loyal
2025-01-17,Night,David,112.01,7,367.95,New
2024-12-09,Evening,Raven,118.34,4,235.48,Loyal
2025-01-29,Afternoon,Abigail,57.4,3,49.2,Returning
2025-03-06,Afternoon,Steven,119.67,2,82.53,New
2025-04-21,Afternoon,Erik,45.23,2,197.25,New
2025-01-07,Morning,Todd,149.28,8,441.0,Loyal
2024-11-15,Afternoon,Jared,63.13,3,175.72,New
2025-02-09,Night,Gina,44.61,6,460.44,Returning
2025-02-13,Night,Tina,24.8,9,496.47,Loyal
2024-11-09,Night,Kelly,102.16,4,222.45,New
2025-02-07,Night,Deanna,14.67,8,302.62,New
2025-04-05,Morning,Kim,73.3,10,443.42,Returning
2024-12-31,Morning,Sean,149.72,0,69.62,Returning
2024-12-22,Morning,William,116.96,10,490.48,Loyal
2024-12-04,Afternoon,Sydney,34.61,1,86.4,New
2025-04-29,Morning,Lauren,113.5,0,253.78,Loyal
2025-03-22,Afternoon,Robert,19.97,3,441.46,Returning
2025-02-26,Evening,Steve,34.21,8,434.19,New
2024-11-21,Evening,Ryan,96.2,4,164.64,Loyal
2025-01-25,Evening,Daniel,54.86,10,205.93,Returning
2025-01-30,Evening,Andrew,116.65,6,191.2,Returning
2025-01-03,Afternoon,Kevin,74.82,2,350.91,Returning
2025-03-06,Afternoon,Bobby,88.94,7,101.1,New
2024-12-08,Night,Kevin,68.39,0,442.3,Returning
2025-02-15,Afternoon,Elizabeth,86.2,4,252.91,Loyal
2024-11-05,Morning,William,46.58,6,92.2,Returning
2025-03-21,Evening,Kelly,66.79,1,26.45,Returning
2025-01-03,Night,Steven,43.23,4,298.91,Returning
2025-01-11,Night,Kelly,48.84,2,137.47,New
2025-01-08,Morning,Tara,37.45,10,193.41,New
2025-02-28,Morning,Bradley,38.61,1,226.52,Returning
2024-12-22,Morning,Susan,6.62,5,276.07,New
2024-11-11,Evening,Lisa,15.82,4,217.38,New
2025-04-19,Night,Kevin,12.85,5,174.8,Returning
2025-01-04,Evening,Stephen,36.35,0,119.12,New
2025-04-20,Morning,Jessica,126.39,9,421.04,Returning
2025-02-07,Afternoon,Scott,69.1,7,235.87,Loyal
2025-03-25,Night,Valerie,144.42,3,182.01,Returning
2025-02-18,Morning,Maria,7.99,3,277.54,New
2025-04-12,Morning,Brandon,103.53,8,415.4,New
2025-02-24,Evening,Jennifer,38.06,7,188.65,Returning
2025-01-14,Morning,Theresa,55.95,0,393.25,Returning
2025-04-03,Evening,Alyssa,64.87,7,322.36,Returning
2024-11-17,Morning,Lori,89.04,8,66.86,Returning
2025-02-03,Afternoon,Anthony,79.3,5,323.09,Returning
2025-03-23,Night,Lori,133.17,6,267.29,Loyal
2025-04-17,Night,Melissa,43.05,3,291.27,Returning
2025-03-18,Afternoon,Angela,5.71,6,412.85,New
2024-12-23,Night,Michelle,118.71,1,389.59,Returning
2024-12-21,Morning,Beth,117.85,8,297.14,New
2025-01-16,Morning,Jennifer,138.35,5,142.85,Loyal
2025-01-27,Evening,Dustin,46.79,6,473.99,New
2025-04-11,Morning,Sean,92.74,0,493.43,Returning
2025-03-25,Afternoon,Jennifer,46.15,2,39.63,New
2025-04-27,Night,Jennifer,87.21,1,134.23,Loyal
2025-04-01,Afternoon,Samantha,118.2,9,379.06,New
2024-12-24,Night,Brian,142.26,3,343.9,New
2025-03-22,Evening,Susan,54.71,4,54.06,Returning
2025-03-09,Night,Thomas,22.52,4,154.21,Loyal
2025-03-11,Morning,Raymond,48.79,0,296.2,New
2025-04-13,Morning,Megan,85.04,5,33.14,New
2025-01-02,Evening,Ryan,40.67,1,433.84,Loyal
2025-04-04,Morning,Pamela,32.34,9,186.42,Returning
2025-03-11,Morning,Emily,45.43,1,371.64,New
2024-11-11,Night,Joanna,47.24,10,22.54,Loyal
2024-12-14,Evening,Sharon,69.55,3,43.61,Returning
2024-11-12,Morning,Margaret,144.53,0,136.54,Loyal
2025-01-28,Morning,Jocelyn,93.57,2,175.34,Loyal
2025-03-12,Evening,Maria,48.99,3,402.51,Loyal
2024-12-07,Morning,Kimberly,84.06,9,55.68,Returning
2025-01-26,Morning,Elizabeth,6.16,3,420.9,New
2025-03-03,Night,Alexander,48.67,0,289.71,Loyal
2025-01-09,Morning,John,7.23,2,336.69,Returning
2025-01-30,Morning,Nathaniel,89.17,3,146.26,Loyal
2024-11-12,Evening,Joshua,29.64,3,320.04,New
2025-01-03,Morning,Shawn,96.42,7,304.0,Loyal
2025-01-02,Morning,Shannon,119.68,8,153.55,New
2024-11-26,Afternoon,Dorothy,28.67,3,276.21,Returning
2025-03-28,Evening,Daniel,22.8,5,233.78,New
2025-02-10,Morning,Eric,5.39,1,261.85,New
2024-11-15,Night,Veronica,30.4,4,302.07,New
2025-04-27,Evening,Kimberly,142.16,4,264.66,Loyal
2025-02-16,Afternoon,Megan,48.5,2,238.56,New
2024-12-05,Night,Tammy,82.85,3,187.83,New
2024-11-26,Evening,Steven,64.5,7,389.42,Returning
2024-11-23,Evening,Jenny,90.97,2,482.27,New
2025-04-26,Evening,Rebecca,90.71,7,449.12,Loyal
2025-04-19,Night,Michael,140.9,5,227.07,New
2025-04-26,Afternoon,Christopher,35.26,6,183.32,Loyal
2025-04-01,Morning,Laura,134.86,2,379.6,Loyal
2024-12-21,Evening,Matthew,64.49,1,171.68,New
2024-11-10,Night,Melissa,29.56,6,461.66,New
2024-11-10,Afternoon,Amy,109.22,5,147.88,New
2025-03-16,Morning,William,31.43,5,216.77,New
2025-04-23,Evening,Shawn,148.41,3,153.62,Loyal
2024-11-19,Morning,Frank,55.38,7,292.06,Returning
2025-02-13,Night,Richard,22.2,2,192.26,Loyal
2025-03-25,Afternoon,Patrick,126.66,2,109.65,Loyal
2025-03-26,Night,Gary,134.08,0,306.16,Loyal
2025-03-05,Evening,Beth,20.55,8,481.09,Returning
2025-03-10,Afternoon,Cory,38.01,8,210.1,New
2025-01-29,Night,Felicia,122.54,9,412.62,New
2024-11-24,Morning,Andrew,120.18,4,121.53,New
2024-12-21,Afternoon,Breanna,69.19,8,431.48,Loyal
2025-04-27,Morning,Jasmine,136.14,10,142.49,New
2025-04-16,Afternoon,Vanessa,114.1,8,381.49,Loyal
2025-02-07,Evening,Anthony,142.99,3,104.22,New
2024-12-24,Evening,Caleb,51.33,0,193.73,Loyal
2025-01-06,Evening,Patrick,84.98,1,387.73,New
2025-02-27,Night,Lee,107.88,5,350.21,New
2025-04-27,Afternoon,Denise,134.22,4,110.79,Loyal
2025-03-30,Night,Raymond,41.25,0,352.66,New
2025-04-13,Evening,Jacqueline,109.19,8,360.22,New
2024-12-28,Night,Caroline,117.04,10,341.33,New
2025-04-14,Morning,Kaylee,40.85,4,260.05,Returning
2024-12-04,Morning,Shelia,74.8,5,57.63,New
2025-03-30,Night,Jennifer,15.24,5,283.09,Loyal
2024-11-05,Evening,James,31.62,10,370.21,New
2024-11-11,Night,Debra,50.95,3,354.13,Loyal
2025-01-12,Evening,Rhonda,132.63,7,349.52,Returning
2024-12-19,Night,Jesus,66.08,1,43.24,New
2024-11-16,Night,Robert,54.09,3,467.29,Loyal
2024-11-21,Evening,Howard,84.78,0,75.46,New
2024-10-31,Afternoon,Ashley,126.73,6,325.94,Loyal
2025-04-05,Night,Sara,71.87,10,472.0,New
2025-03-02,Night,Dana,6.15,5,335.45,Returning
2024-11-16,Evening,Roberto,128.98,1,244.9,Returning
2025-01-27,Morning,Michael,64.69,5,21.75,Loyal
2025-03-13,Night,Laura,133.81,10,63.56,New
2025-02-11,Evening,Ashley,117.91,7,326.41,Loyal
2025-03-11,Night,James,96.73,1,242.27,Returning
2025-04-22,Afternoon,Elizabeth,51.49,2,401.1,New
2025-02-17,Night,Molly,112.83,1,400.73,Loyal
2025-02-09,Night,Cheryl,81.41,6,382.13,Loyal
2025-03-09,Evening,Kristen,55.06,6,245.34,Loyal
2024-12-01,Afternoon,Kevin,75.62,5,331.0,Loyal
2025-03-30,Morning,Amanda,104.99,9,325.68,Returning
2025-02-03,Night,Sylvia,73.4,5,378.65,Returning
2025-03-30,Evening,Caitlin,32.93,4,75.87,Loyal
2025-01-01,Evening,Michele,54.78,4,358.11,New
2025-01-09,Evening,Makayla,47.4,2,162.38,Loyal
2024-12-17,Afternoon,Joseph,92.76,0,419.11,Loyal
2024-12-31,Night,Mark,76.64,3,319.24,New
2024-11-20,Evening,Joel,113.8,6,221.94,New
2024-11-10,Afternoon,James,133.26,6,85.67,Loyal
2025-03-10,Evening,Christopher,137.56,0,286.03,Returning
2024-11-13,Afternoon,Drew,19.75,3,77.81,Loyal
2025-04-14,Night,Aimee,59.18,9,168.7,Loyal
2025-04-17,Night,Brian,47.42,10,334.61,Returning
2024-11-21,Night,Lisa,71.71,4,276.25,Returning
2025-04-05,Afternoon,Laurie,138.55,4,170.0,Returning
2024-12-07,Night,Carolyn,103.96,4,325.51,Returning
2025-03-06,Night,Christopher,83.95,3,151.85,Returning
2024-12-03,Evening,William,85.43,9,246.52,Loyal
2024-11-27,Evening,Tina,15.78,9,77.55,Loyal
2025-03-13,Morning,Crystal,5.93,6,330.2,New
2025-01-21,Evening,Christopher,119.22,2,328.41,New
2025-04-12,Evening,Chelsea,86.86,3,347.83,Loyal
2025-01-18,Morning,Jeremiah,149.38,7,395.38,Returning
2025-02-20,Night,John,60.96,8,220.8,Returning
2025-04-10,Afternoon,Kelly,65.14,7,117.31,Returning
2025-03-18,Afternoon,Michael,128.12,7,94.79,New
2024-11-24,Afternoon,Jesse,118.61,7,432.71,Returning
2024-12-31,Evening,Jodi,22.16,1,185.37,Returning
2025-04-10,Morning,Nicole,11.98,2,438.29,New
2024-12-21,Evening,Joseph,61.28,5,246.88,Loyal
2025-03-18,Night,Samantha,106.81,2,339.89,Returning
2024-12-06,Morning,Heidi,8.51,8,471.16,Returning
2025-04-17,Evening,Brenda,137.44,10,394.2,Returning
2024-12-19,Evening,Justin,15.05,10,217.13,Loyal
2025-04-28,Afternoon,Hunter,76.39,3,380.69,Loyal
2025-04-05,Night,Juan,9.46,10,90.02,Loyal
2025-03-17,Afternoon,Troy,6.09,0,91.01,Returning
2024-11-20,Afternoon,Brian,49.24,5,97.64,Loyal
2025-03-25,Morning,Miranda,113.04,0,271.53,Returning
2024-11-09,Night,Thomas,44.69,10,124.56,New
2025-01-08,Afternoon,Elizabeth,88.44,0,416.9,New
2025-04-11,Morning,Julie,46.33,10,322.22,Returning
2024-11-13,Evening,Courtney,14.95,0,165.41,Returning
2025-04-26,Morning,Robert,80.13,4,437.0,Loyal
2025-04-24,Afternoon,Brian,14.69,8,258.89,Returning
2024-11-08,Afternoon,Charles,120.33,10,485.21,Returning
2025-01-04,Morning,William,94.65,4,44.34,Loyal
2024-12-15,Afternoon,Sandra,75.32,5,90.97,Loyal
2025-04-09,Morning,Michael,64.38,2,154.41,Returning
2025-04-30,Night,Deanna,146.53,3,21.55,Loyal
2024-11-05,Afternoon,Jacqueline,42.49,10,123.15,Loyal
2025-03-15,Afternoon,Kirk,71.54,2,257.31,Returning
2024-11-18,Morning,Victor,131.71,1,137.9,Loyal
2025-02-11,Morning,Kayla,118.17,2,380.54,Loyal
2025-04-17,Morning,Melissa,62.48,9,306.88,Returning
2025-03-05,Morning,Hector,119.9,10,482.72,Loyal
2025-04-02,Morning,Amanda,73.21,3,411.97,New
2025-01-15,Morning,Christopher,5.3,7,32.13,Returning
2024-12-22,Afternoon,Jennifer,126.95,1,448.93,New
2025-01-21,Night,Savannah,138.8,6,193.42,Returning
2024-12-12,Afternoon,Joseph,36.98,3,81.94,Loyal
2024-11-06,Night,Grace,103.65,3,481.48,Loyal
2025-04-17,Afternoon,Kristen,119.69,1,61.61,Loyal
2025-01-24,Night,Michael,90.81,10,138.06,Loyal
2025-01-06,Evening,Michael,26.87,0,66.92,New
2024-12-18,Afternoon,David,117.26,0,313.29,Loyal
2025-03-21,Morning,Jessica,38.48,8,251.14,Loyal
2024-12-04,Evening,Jennifer,23.02,4,180.66,New
2025-01-09,Evening,Nicole,18.66,5,310.0,Returning
2024-12-02,Afternoon,Jesse,121.11,10,80.16,New
2025-01-21,Night,Troy,57.62,6,169.63,Loyal
2025-04-11,Night,Jason,100.65,0,430.48,Loyal
2025-01-27,Afternoon,Jasmine,124.8,4,395.14,New
2024-11-27,Evening,Sonya,47.38,5,473.09,Loyal
2024-12-18,Afternoon,Angela,129.84,9,267.85,Returning
2024-11-14,Morning,Stephanie,49.49,6,425.43,Loyal
2024-11-09,Evening,Tammy,99.1,6,35.42,Loyal
2025-01-22,Afternoon,Adrian,53.13,2,327.76,New
2024-12-27,Afternoon,Katherine,117.79,10,38.06,Returning
2024-11-29,Afternoon,Timothy,127.71,0,408.98,Loyal
2024-11-29,Night,Angela,61.31,3,76.9,Loyal
2025-03-14,Afternoon,Jennifer,52.76,6,347.89,New
2025-02-25,Afternoon,Tara,104.89,1,449.41,New
2025-02-09,Evening,Patricia,125.56,8,203.76,New
2024-11-05,Morning,Stephanie,91.28,5,273.03,New
2025-03-24,Night,Michael,42.55,8,443.47,Loyal
2025-02-03,Night,Matthew,74.29,7,370.81,Loyal
2024-11-30,Evening,Christina,123.05,5,323.05,Returning
2025-04-12,Evening,Christian,121.2,0,373.33,Loyal
2024-12-27,Night,Jennifer,12.5,10,127.42,New
2025-02-21,Evening,Robert,122.46,5,135.08,Returning
2025-03-18,Night,Kayla,106.99,8,380.46,Loyal
2025-03-08,Morning,John,115.1,8,430.97,New
2025-02-13,Afternoon,Julie,17.61,2,240.26,Loyal
2025-03-24,Afternoon,Mary,127.78,4,252.08,New
2025-01-07,Afternoon,Janice,5.13,9,229.92,Returning
2025-03-30,Evening,James,104.68,1,183.7,New
2024-10-30,Night,Edward,24.2,6,204.96,Loyal
2025-01-01,Night,Timothy,83.32,7,431.85,New
2025-01-27,Evening,Lawrence,82.59,6,334.69,Loyal
2024-11-17,Afternoon,David,143.84,0,216.44,Loyal
2024-11-27,Morning,Jeanette,99.81,7,392.74,Loyal
2024-11-01,Night,Kyle,83.69,2,118.53,Returning
2024-11-14,Afternoon,Donna,119.54,0,43.72,New
2025-04-18,Evening,Jennifer,123.49,9,260.39,Loyal
2025-02-09,Evening,Albert,93.23,1,132.08,Returning
2025-01-10,Afternoon,Donna,64.0,4,25.63,Returning
2025-04-09,Night,Brittney,71.01,9,170.12,New
2025-01-06,Night,Kenneth,144.06,0,58.34,New
2025-01-10,Evening,Lori,44.1,5,354.04,Loyal
2025-02-09,Night,Scott,18.2,8,303.91,Loyal
2024-12-08,Morning,Matthew,136.48,4,416.58,New
2024-12-13,Night,Chelsey,81.37,2,60.1,Returning
2025-03-27,Morning,Jasmine,40.35,0,325.87,Returning
2025-04-09,Night,Joseph,116.82,6,166.28,Returning
2025-02-24,Morning,Wyatt,129.74,9,119.13,New
2024-11-29,Afternoon,Jason,70.52,8,156.64,New
2025-01-26,Morning,Philip,60.25,7,105.17,New
2025-02-10,Afternoon,Derek,105.41,0,375.15,Returning
2024-12-05,Night,Chad,77.88,7,495.56,Returning
2025-04-02,Morning,Glenn,108.07,1,235.64,Loyal
2025-04-02,Afternoon,Hannah,92.67,2,409.48,Returning
2025-03-01,Morning,David,62.26,1,92.8,Returning
2024-11-24,Night,Pamela,103.97,6,122.72,Returning
2025-02-24,Morning,Chad,83.05,0,278.09,New
2025-03-12,Evening,Michael,25.97,2,56.25,Loyal
2025-01-04,Night,Monica,129.97,4,497.77,New
2025-01-10,Night,Deborah,54.49,2,37.34,Loyal
2024-12-02,Afternoon,Christina,138.16,7,176.21,New
2025-04-09,Evening,Katherine,74.32,10,67.91,New
2024-12-29,Night,John,72.63,3,408.28,New
2025-01-01,Morning,Andrea,21.79,6,38.8,Loyal
2025-04-30,Morning,Jerome,37.48,8,483.73,New
2024-12-21,Night,Robert,25.1,1,213.22,New
2025-04-25,Morning,Jessica,7.98,1,348.44,Loyal
2024-11-28,Morning,Kelly,39.64,4,260.31,Returning
2025-02-06,Afternoon,Regina,62.25,0,297.34,New
2025-02-08,Evening,Katelyn,61.5,9,427.01,Returning
2025-02-14,Afternoon,Dan,27.85,6,326.35,Returning
2025-04-12,Evening,Lisa,105.23,6,70.81,Returning
2024-11-06,Afternoon,Kathleen,87.23,6,122.08,Loyal
2025-03-21,Evening,Jack,141.92,6,271.12,New
2024-12-15,Afternoon,Charles,147.37,4,97.96,New
2025-04-09,Afternoon,John,67.4,2,335.02,New
2025-01-26,Morning,Barbara,119.57,7,260.32,Loyal
2025-02-18,Afternoon,Jacob,88.3,3,465.73,New
2024-12-22,Evening,Craig,79.91,1,242.09,Returning
2025-04-27,Night,Frank,25.7,3,138.74,Returning
2024-11-09,Evening,Kenneth,135.63,5,347.18,Returning
2025-04-06,Morning,Michele,81.99,10,463.93,Returning
2025-01-18,Afternoon,Francisco,81.07,9,313.26,Returning
2025-01-01,Morning,Tammy,131.96,10,181.99,New
2025-01-06,Night,Timothy,6.65,7,372.92,New
2025-02-03,Night,Travis,95.98,5,391.68,Loyal
2024-11-09,Afternoon,Mary,86.39,5,192.79,New
2025-04-26,Afternoon,Deborah,22.18,5,249.99,Returning
2025-04-09,Night,Craig,34.4,7,400.29,New
2024-12-31,Evening,Meredith,112.67,3,446.57,Loyal
2025-02-02,Morning,William,88.25,3,58.99,Loyal
2025-01-08,Morning,Kelly,78.23,8,312.69,Loyal
2025-04-23,Afternoon,Kristin,123.79,0,189.74,Returning
2024-10-31,Morning,Teresa,41.79,3,400.53,Loyal
2025-03-25,Evening,Jeffery,48.06,5,391.72,Returning
2024-12-24,Night,Manuel,23.06,1,95.48,New
2024-11-30,Morning,Ricardo,74.15,0,137.48,Loyal
2025-02-05,Morning,Ryan,140.43,3,96.97,New
2025-04-20,Night,Nicole,57.3,2,215.01,New
2025-03-14,Evening,Melissa,68.09,1,420.95,New
2025-01-14,Afternoon,Angela,56.95,2,260.67,Loyal
2024-12-27,Night,Melissa,142.85,2,143.68,Returning
2025-02-08,Evening,Jessica,110.99,6,358.05,Returning
2025-04-19,Night,Brooke,67.28,9,382.79,New
2025-04-17,Afternoon,Spencer,13.91,5,342.2,Returning
2025-03-24,Afternoon,John,127.83,5,138.08,New
2024-11-15,Afternoon,Michelle,108.68,9,487.02,Loyal
2024-12-18,Night,John,98.15,9,476.12,New
2025-04-18,Afternoon,Megan,20.83,7,217.65,New
2025-02-17,Night,Walter,34.73,1,36.36,Returning
2024-11-29,Night,Martin,28.15,10,94.35,New
2024-11-02,Afternoon,Dominique,105.8,9,441.55,Returning
2025-04-13,Afternoon,Travis,100.74,9,343.69,Returning
2025-02-02,Night,Rebecca,62.06,4,136.17,Returning
2025-03-09,Morning,Jon,108.2,8,413.25,Returning
2024-12-27,Afternoon,Nicole,108.09,8,339.17,Returning
2025-03-17,Evening,Amber,135.74,6,163.47,New
2025-02-27,Morning,Vanessa,54.64,9,213.15,Returning
2024-12-08,Evening,Ryan,98.57,7,48.81,Returning
2024-11-28,Evening,Joshua,147.93,10,94.17,Returning
2024-11-10,Evening,William,59.83,3,388.74,Returning
2025-04-23,Morning,Katelyn,129.43,5,186.05,New
2025-01-09,Afternoon,Paula,111.02,8,228.83,New
2025-02-07,Morning,Steven,40.11,3,222.05,Loyal
2024-11-08,Night,Kathryn,70.28,10,141.66,Loyal
2025-04-09,Evening,Emily,104.74,2,229.97,Loyal
2024-11-04,Night,Brenda,113.51,5,156.71,New
2025-04-17,Afternoon,Michael,33.03,2,328.92,Loyal
2025-02-20,Evening,Richard,53.15,10,189.2,Returning
2025-01-03,Morning,Anthony,97.43,9,365.43,Loyal
2024-11-16,Night,Jeffrey,44.1,3,270.56,New
2025-01-05,Night,Renee,127.26,3,397.27,New
2024-11-14,Morning,Janice,143.58,4,253.93,Returning
2025-03-24,Afternoon,Alicia,130.05,3,163.23,Returning
2024-11-03,Evening,Dawn,122.23,8,290.24,Returning
2025-02-14,Afternoon,Marco,25.56,0,448.83,Loyal
2025-01-12,Night,Susan,77.44,6,477.51,Loyal
2025-03-04,Night,Brent,80.52,8,269.83,Returning
2025-01-19,Morning,Jennifer,114.77,2,316.89,Loyal
2024-12-09,Morning,Ashley,80.72,4,463.22,Returning
2024-12-04,Evening,Dale,139.27,4,302.76,Returning
2024-11-02,Morning,James,68.52,2,405.08,Loyal
2025-03-28,Morning,Brandon,67.16,10,229.3,Loyal
2025-02-23,Afternoon,Megan,26.19,2,412.44,Loyal
2025-02-09,Afternoon,Maria,113.09,2,223.18,New
2025-04-27,Evening,William,71.77,8,316.03,Loyal
2024-12-09,Night,Daniel,140.26,2,149.35,Loyal
2024-12-30,Morning,Andrew,50.86,0,62.8,Returning
2024-12-18,Afternoon,Nicholas,68.96,7,397.19,Returning
2025-01-30,Afternoon,Matthew,122.92,6,68.19,Returning
2024-11-11,Afternoon,Theresa,60.98,5,114.29,Returning
2024-12-02,Morning,John,15.39,8,494.76,Returning
2024-12-05,Night,Karen,104.54,1,298.47,Loyal
2025-04-11,Night,Paul,139.84,9,298.52,Returning
2025-03-05,Night,Tammy,72.02,7,201.45,New
2025-01-19,Afternoon,Carolyn,26.3,1,441.23,Loyal
2024-12-27,Night,Selena,96.88,4,401.74,Loyal
2025-01-25,Night,Nathan,22.87,0,396.5,Loyal
2025-03-09,Evening,James,29.13,1,392.63,Loyal
2024-11-18,Afternoon,Brianna,135.69,7,406.53,Loyal
2025-04-14,Morning,Mary,123.97,1,37.38,Returning
2024-11-23,Evening,Andrew,118.72,5,368.34,Returning
2025-01-30,Evening,Derrick,57.58,4,166.19,Returning
2025-03-14,Evening,Samantha,111.38,2,100.23,Returning
2025-03-10,Afternoon,James,43.69,3,249.99,Loyal
2025-01-19,Night,Jose,140.53,10,126.09,New
2025-03-03,Night,Johnathan,45.71,3,272.27,New
2025-01-22,Evening,Roberta,126.55,6,421.46,Loyal
2025-04-10,Afternoon,Johnny,36.32,0,166.34,Loyal
2025-03-17,Morning,John,48.41,6,489.65,New
2024-12-24,Evening,Danielle,114.95,8,172.72,Returning
2025-01-28,Evening,Harry,71.74,6,383.7,Returning
2025-04-01,Morning,Robert,147.12,5,54.77,Returning
2024-11-15,Morning,Laura,6.19,1,47.01,Returning
2025-02-16,Afternoon,Jennifer,124.2,10,84.32,New
2025-01-15,Evening,Cory,85.48,3,164.45,Loyal
2025-01-30,Night,Jennifer,142.08,10,41.1,New
2025-04-21,Night,Stephanie,17.21,0,337.79,New
2024-12-18,Afternoon,Oscar,145.36,4,406.84,New
2025-01-28,Morning,Kristin,107.57,9,485.22,Returning
2025-04-14,Afternoon,Nicholas,9.02,2,441.03,Loyal
2025-02-24,Afternoon,Nicole,60.36,8,308.56,Returning
2024-11-21,Night,Elizabeth,144.62,6,403.51,Loyal
2025-03-28,Evening,Kristi,121.02,6,325.87,Returning
2025-04-22,Morning,James,51.58,9,220.81,Loyal
2024-11-13,Afternoon,Donna,117.51,3,149.82,New
2025-03-15,Night,John,134.98,4,70.02,New
2024-11-02,Evening,Andrea,42.56,1,223.27,New
2024-12-20,Evening,Michael,134.0,6,236.95,New
2024-12-21,Night,Brenda,40.55,3,291.8,Returning
2025-03-23,Afternoon,James,64.09,6,430.06,Loyal
2024-12-05,Afternoon,Tara,57.55,3,81.95,Returning
2025-03-05,Afternoon,Tina,72.02,0,480.49,Returning
2025-04-09,Afternoon,Jason,16.97,6,193.82,Loyal
2025-01-13,Morning,Dillon,138.96,8,318.08,New
2025-01-21,Night,Stephen,138.97,6,133.38,Returning
2025-03-23,Night,Bobby,94.15,3,217.94,New
2025-02-06,Afternoon,Susan,136.21,6,268.62,Loyal
2025-03-09,Night,Douglas,11.03,5,173.38,New
2024-11-10,Morning,Sara,135.34,5,444.85,New
2025-04-22,Morning,Donna,93.66,0,127.84,New
2024-12-03,Morning,Deborah,33.28,8,182.26,Loyal
2024-12-21,Morning,Leah,112.74,7,255.27,New
2024-11-11,Afternoon,Billy,63.16,7,463.77,New
2025-04-21,Night,Kathryn,123.82,0,125.07,Returning
2025-04-19,Afternoon,Michael,96.27,10,299.44,Loyal
2024-11-30,Night,Tanner,146.91,4,31.83,Loyal
2024-12-17,Night,James,38.3,7,166.02,Returning
2024-12-17,Afternoon,Virginia,18.01,1,432.41,Loyal
2025-01-03,Night,Dorothy,134.34,0,423.65,New
2025-03-20,Night,Cynthia,111.98,0,131.47,Loyal
2025-01-08,Afternoon,Donna,52.02,7,308.49,New
2025-02-18,Afternoon,Christine,122.74,8,157.96,Loyal
2025-04-18,Evening,Anthony,92.01,6,405.28,New
2025-03-21,Evening,Wendy,11.3,4,97.36,Loyal
2024-11-12,Evening,Emily,149.71,2,113.07,Returning
2024-12-14,Evening,Valerie,22.28,4,448.64,Loyal
2024-11-10,Night,Peter,75.94,3,119.43,New
2025-04-26,Evening,Aaron,130.08,6,281.66,Returning
2024-12-14,Evening,Kevin,99.25,3,309.22,Loyal
2025-01-02,Night,James,119.31,7,329.92,Returning
2025-02-28,Evening,Karen,50.77,3,320.81,Loyal
2025-02-18,Morning,Olivia,69.26,3,435.66,Loyal
2025-03-04,Afternoon,Alexander,28.48,10,297.29,Loyal
2025-04-19,Morning,Brandy,35.1,0,239.7,Returning
2024-11-26,Morning,Daniel,32.96,2,185.45,Loyal
2024-11-16,Evening,William,148.15,1,382.06,Loyal
2025-04-03,Afternoon,Michelle,98.67,5,184.51,Returning
2025-04-26,Afternoon,Anne,16.82,1,295.74,Returning
2025-02-28,Morning,Amanda,143.81,9,168.02,Loyal
2024-12-26,Night,Matthew,82.84,6,53.99,Returning
2025-02-08,Afternoon,Ronald,132.31,4,467.3,Returning
2025-02-08,Afternoon,Roy,119.53,5,475.54,Loyal
2024-11-09,Morning,Richard,113.73,8,357.2,Loyal
2025-01-04,Morning,Kimberly,34.48,7,197.81,Returning
2025-03-30,Night,Mark,22.34,2,47.98,Loyal
2025-04-24,Afternoon,Dawn,125.72,2,200.79,Loyal
2025-03-03,Night,John,83.49,8,386.36,Loyal
2025-04-23,Night,Matthew,20.21,6,455.06,New
2024-12-03,Night,Jill,113.19,0,194.33,Returning
2025-03-01,Morning,Stacy,7.34,10,26.06,Returning
2025-03-17,Morning,Yvonne,53.83,1,401.83,New
2025-01-08,Afternoon,Danielle,42.26,8,177.82,New
2025-02-16,Morning,Daniel,33.77,0,477.97,Returning
2025-01-30,Night,April,5.37,5,398.32,Returning
2025-04-04,Morning,Jasmine,30.1,8,458.56,Loyal
2025-02-18,Afternoon,Robert,84.04,0,342.83,Returning
2025-03-13,Night,Todd,96.38,1,388.66,New
2024-11-14,Evening,Randall,44.82,2,23.64,Loyal
2024-11-12,Night,Audrey,66.26,0,62.55,New
2024-12-13,Morning,Troy,103.85,0,238.75,New
2024-11-12,Morning,Brian,61.15,5,57.47,New
2025-02-13,Morning,Jeremy,41.29,7,494.17,New
2025-01-25,Morning,Thomas,79.61,6,27.81,Loyal
2025-04-01,Afternoon,James,117.51,7,265.78,Loyal
2025-02-12,Evening,Candice,59.32,4,362.4,Loyal
2025-01-10,Night,Henry,7.53,1,375.48,Returning
2024-11-06,Night,Kelli,15.97,4,141.59,Loyal
2025-01-28,Evening,Sarah,141.98,3,105.82,New
2025-02-06,Night,Howard,110.7,1,96.04,Loyal
2024-12-04,Afternoon,William,93.2,3,388.59,Loyal
2025-02-04,Morning,April,45.2,9,288.6,Returning
2025-04-28,Night,Anthony,68.24,7,250.98,Loyal
2024-12-29,Evening,Steven,72.31,8,31.26,Loyal
2024-12-14,Afternoon,Kara,86.09,6,435.69,Loyal
2024-11-06,Morning,Linda,29.17,2,347.29,Loyal
2024-11-18,Afternoon,Kevin,74.68,4,489.14,New
2024-11-08,Night,Jessica,93.24,4,125.92,Loyal
2025-03-28,Evening,Jeremy,126.21,7,219.54,Loyal
2025-01-23,Morning,Maria,20.47,1,181.2,Loyal
2025-03-30,Morning,Sherry,34.03,7,23.73,Loyal
2025-01-24,Evening,Dana,19.73,4,217.32,Loyal
2025-04-21,Morning,Theodore,100.21,7,77.39,Loyal
2025-01-21,Afternoon,Charles,59.61,9,280.78,Returning
2024-10-30,Afternoon,Melinda,29.04,10,126.97,Returning
2025-02-11,Afternoon,Angela,33.87,10,396.53,Returning
2025-04-30,Evening,Charles,72.02,7,56.42,Returning
2025-04-22,Night,Christine,102.77,3,142.44,Returning
2025-02-26,Night,Courtney,108.73,1,314.55,New
2024-12-19,Evening,Samuel,25.91,9,389.72,Loyal
2024-12-06,Afternoon,Teresa,148.43,10,38.61,Returning
2025-04-19,Evening,Jeffrey,101.59,4,168.79,New
2024-12-29,Night,Veronica,19.82,7,172.29,Loyal
2025-04-09,Afternoon,Devin,43.51,7,118.37,Loyal
2024-12-20,Night,Elizabeth,24.12,7,398.74,New
2025-01-20,Night,Rodney,25.7,2,445.99,New
2025-04-05,Afternoon,Lauren,56.84,4,40.35,New
2025-04-15,Night,Janet,72.57,8,341.76,Returning
2025-04-27,Afternoon,Alexis,54.91,9,320.27,Loyal
2025-03-14,Evening,Hannah,89.07,6,440.3,Returning
2025-04-20,Evening,Kimberly,86.92,8,436.08,Loyal
2025-01-28,Afternoon,Lisa,75.9,7,59.05,Returning
2024-11-26,Afternoon,Frederick,91.64,3,421.79,New
2024-11-01,Morning,Jessica,143.87,1,416.09,Returning
2025-03-24,Morning,Oscar,53.33,6,365.87,Loyal
2025-02-22,Afternoon,Melinda,69.6,9,129.45,New
2025-03-09,Night,Gregory,59.13,3,202.54,Returning
2024-11-22,Morning,Michelle,122.96,5,79.07,New
2024-12-02,Evening,Samantha,74.69,9,333.54,Loyal
2024-12-01,Afternoon,Robert,138.26,6,54.52,Loyal
2024-12-07,Afternoon,Rachel,144.9,0,474.13,New
2025-01-21,Morning,Tammy,142.8,3,329.43,New
2025-04-08,Evening,Joel,136.57,5,53.39,Loyal
2024-12-17,Night,Joshua,72.84,10,142.74,Loyal
2025-04-28,Night,Michael,138.01,3,426.08,Loyal
2025-01-31,Morning,Daniel,8.8,6,421.76,Loyal
2025-02-20,Night,Joshua,102.57,10,184.95,Loyal
2025-04-07,Afternoon,Hayley,140.55,3,31.48,Loyal
2024-11-28,Afternoon,Gregory,19.41,0,183.62,New
2025-02-03,Morning,Jonathan,72.85,0,256.62,Loyal
2024-11-09,Morning,Beth,55.43,10,63.41,New
2025-02-23,Evening,Jennifer,128.32,7,60.49,Loyal
2025-01-05,Morning,Monique,75.95,10,418.33,Returning
2025-02-27,Morning,Kendra,100.66,0,129.06,New
2025-04-16,Morning,Paul,75.7,3,104.21,New
2024-12-26,Evening,Brittany,120.07,6,372.16,Returning
2025-01-12,Night,Ana,78.67,2,399.32,Returning
2025-01-06,Night,Laura,27.08,1,377.87,Loyal
2025-01-15,Night,Samuel,142.08,9,415.02,Loyal
2024-11-11,Afternoon,Kathy,6.84,8,47.06,Returning
2025-02-10,Night,Trevor,33.32,6,218.16,Returning
2025-03-06,Morning,Todd,74.15,3,81.79,Returning
2025-02-20,Morning,Todd,44.33,0,72.82,Returning
2025-03-16,Afternoon,Julie,105.47,9,465.3,New
2025-01-10,Morning,Katelyn,23.26,3,271.79,Loyal
2025-01-01,Morning,John,123.44,3,208.65,Returning
2024-12-25,Afternoon,Mariah,103.88,1,251.5,Returning
2025-01-06,Evening,Tara,54.64,6,39.81,Loyal
2025-01-14,Night,Andrew,22.91,1,314.39,New
2025-01-31,Night,Logan,134.08,3,216.08,New
2025-01-01,Afternoon,Robert,103.37,1,107.66,Returning
2025-04-13,Morning,Kathleen,51.34,6,134.72,Returning
2025-03-27,Afternoon,Joseph,96.81,5,467.95,Returning
2024-12-03,Morning,Michele,57.39,3,304.94,Returning
2025-01-20,Morning,Charles,46.8,10,294.48,Returning
2025-01-27,Evening,Beverly,45.2,5,135.97,New
2025-04-02,Evening,Jason,17.52,10,419.74,New
2024-12-27,Evening,Rachel,115.62,0,435.89,Returning
2025-01-06,Evening,Zachary,24.29,2,387.83,New
2024-12-27,Afternoon,James,83.45,9,51.13,Returning
2024-11-07,Evening,Victoria,99.06,9,249.24,New
2024-12-20,Afternoon,Catherine,110.68,0,343.12,New
2025-03-07,Afternoon,Regina,130.53,6,384.42,Returning
2024-11-01,Evening,Daniel,38.19,10,156.65,Returning
2025-04-15,Night,Brittany,13.98,3,72.91,Returning
2025-02-14,Evening,Adam,82.4,9,150.0,Loyal
2025-03-09,Morning,Lauren,82.82,3,378.65,Returning
2025-01-26,Evening,Rhonda,102.76,1,133.1,Loyal
2025-04-04,Evening,Karen,110.3,2,312.8,New
2024-11-15,Night,Cynthia,138.99,2,314.55,New
2025-01-07,Afternoon,Erica,77.82,8,272.88,Loyal
2025-04-23,Evening,Terry,87.83,1,373.26,New
2025-03-17,Evening,Michael,30.65,6,484.77,Returning
2024-11-27,Evening,Sandra,88.61,3,112.95,Returning
2025-01-05,Afternoon,Patricia,37.87,3,245.37,Loyal
2025-02-26,Afternoon,Ashley,26.62,10,426.17,New
2025-02-04,Evening,Michael,141.14,9,79.62,New
2024-11-10,Afternoon,Robert,116.54,0,33.3,Returning
2025-02-23,Morning,Kathy,89.18,4,196.15,Loyal
2025-02-13,Morning,Isaac,44.5,7,74.69,Returning
2025-01-27,Evening,Matthew,89.85,8,456.24,Returning
2024-11-23,Evening,Joseph,40.55,7,350.33,Loyal
2025-01-05,Evening,Robert,146.91,4,431.55,Returning
2025-03-29,Night,Vanessa,121.88,4,126.41,Returning
2024-12-04,Evening,Alexis,112.22,5,272.25,New
2024-11-06,Morning,Richard,144.27,7,313.47,New
2025-02-07,Afternoon,Sherry,46.41,8,437.17,New
2024-11-26,Night,George,135.82,2,227.83,Returning
2025-01-14,Evening,Melanie,109.48,2,472.15,Returning
2025-02-20,Afternoon,David,113.56,5,431.44,Returning
2025-02-06,Afternoon,Jennifer,8.15,2,356.09,Returning
2024-11-16,Night,Joe,135.2,3,252.07,Loyal
2025-03-06,Night,Kevin,38.67,1,224.58,Returning
2025-01-31,Night,Jeff,64.69,10,476.14,Loyal
2024-12-17,Evening,Aaron,67.92,0,277.51,Loyal
2025-03-05,Afternoon,Joseph,38.66,3,237.51,Returning
2025-03-09,Night,Austin,88.1,2,209.71,New
2024-11-26,Night,Pam,7.51,2,462.9,Loyal
2024-11-02,Morning,Danny,6.22,7,325.19,Loyal
2025-01-13,Evening,Timothy,103.91,1,486.02,New
2025-02-14,Night,Amanda,133.41,3,409.34,Loyal
2024-12-23,Morning,Kevin,38.5,2,295.04,New
2025-02-22,Morning,Jennifer,61.41,7,462.17,Loyal
2025-04-12,Morning,Robert,27.59,9,277.85,New
2025-02-17,Night,Kimberly,134.4,1,358.01,New
2024-12-05,Afternoon,Cynthia,119.93,8,21.86,New
2024-12-31,Evening,Timothy,108.93,8,255.88,Returning
2025-04-23,Morning,Ashley,9.99,2,455.09,Loyal
2025-04-10,Afternoon,Ann,38.44,3,103.17,New
2024-11-25,Afternoon,Maria,42.8,3,324.53,New
2025-01-20,Morning,Marc,84.08,7,25.16,Loyal
2024-10-31,Morning,Matthew,37.88,10,445.87,Returning
2024-12-21,Evening,Chelsea,85.5,8,97.7,Returning
2025-01-21,Night,Brett,7.32,1,372.07,Returning
2025-04-16,Morning,Stacy,135.27,10,326.25,Returning
2024-11-03,Night,Brenda,110.11,7,68.73,New
2024-12-07,Evening,Corey,130.45,7,377.32,Loyal
2025-03-05,Evening,Mary,38.2,9,283.62,New
2024-11-27,Evening,Guy,17.62,10,222.05,New
2025-04-28,Morning,Mark,98.66,4,309.38,Loyal
2024-11-11,Afternoon,Kayla,42.16,8,27.11,New
2025-04-16,Evening,Erik,136.83,8,129.02,Loyal
2025-01-23,Night,Mary,41.24,5,272.74,New
2025-03-01,Evening,Joseph,72.51,1,340.58,Loyal
2025-01-12,Morning,Sheryl,48.43,10,426.61,Returning
2025-03-21,Night,Kathleen,100.11,0,372.6,New
2025-04-23,Night,Heather,18.04,10,173.23,Loyal
2024-11-10,Morning,David,136.32,0,242.62,Returning
2025-02-28,Evening,Allison,16.64,8,464.27,Returning
2025-02-25,Evening,Tina,139.85,3,409.39,Returning
2024-12-02,Afternoon,Savannah,35.3,4,263.83,Returning
2025-03-14,Morning,Gavin,14.07,10,165.77,Loyal
2025-04-04,Morning,Robert,76.58,0,444.07,Returning
2024-12-18,Evening,Sean,30.02,2,411.79,Returning
2024-12-16,Evening,Nicholas,65.48,9,163.85,Returning
2025-01-16,Morning,Jennifer,74.58,4,173.07,New
2024-12-09,Night,Morgan,44.8,8,242.82,Loyal
2024-11-30,Evening,Rachel,22.5,2,328.14,New
2024-11-03,Afternoon,Traci,138.91,8,197.28,New
2025-03-30,Night,Antonio,101.36,9,355.33,Loyal
2025-04-08,Afternoon,Richard,133.04,2,168.06,Returning
2025-03-09,Evening,Jennifer,98.25,4,151.68,Loyal
2025-03-21,Morning,Donna,133.35,9,72.41,Returning
2024-12-29,Morning,Kimberly,48.41,10,113.07,Loyal
2024-11-25,Afternoon,Kara,101.16,2,20.33,New
2025-01-05,Morning,Teresa,94.59,1,338.53,Returning
2024-11-25,Morning,Wendy,70.24,7,334.74,Loyal
2025-01-18,Morning,Elizabeth,132.21,6,367.75,New
2025-03-30,Night,Jennifer,141.95,9,410.01,Loyal
2025-01-02,Afternoon,Michael,34.33,2,95.11,Loyal
2025-03-25,Morning,Xavier,74.29,2,474.67,New
2025-03-22,Evening,John,63.79,2,255.1,New
2024-12-06,Evening,Phillip,41.01,3,25.09,Loyal
2024-11-18,Night,Nicholas,35.49,6,203.1,Returning
2025-02-20,Afternoon,Barry,9.57,0,427.05,Loyal
2025-03-29,Afternoon,Kyle,87.72,4,456.26,Loyal
2025-04-07,Night,Jeffrey,30.69,10,379.43,Loyal
2025-03-26,Night,Larry,137.85,4,186.25,Loyal
2024-12-03,Evening,Jeffrey,11.43,3,213.1,New
2024-11-30,Afternoon,Amanda,22.65,3,30.37,Loyal
2024-12-20,Morning,Lisa,5.5,5,479.26,Returning
2024-12-25,Afternoon,Nicole,67.07,3,216.86,New
2025-04-08,Evening,Matthew,14.16,2,272.22,Returning
2025-04-27,Evening,Trevor,24.4,3,142.35,Loyal
2025-01-15,Morning,Cynthia,79.18,9,254.11,Loyal
2025-02-18,Night,Sherry,111.16,7,152.93,New
2025-04-23,Morning,Anthony,97.77,5,464.63,Returning
2025-02-13,Night,Kimberly,146.93,1,375.86,New
2025-03-31,Night,Jackson,79.6,10,273.71,Returning
2025-04-14,Afternoon,Jacob,37.93,10,427.24,New
2025-01-09,Afternoon,Michael,8.89,6,296.18,New
2024-12-27,Evening,Janice,101.69,4,281.05,New
2025-04-30,Afternoon,Mary,131.14,7,143.74,New
2025-01-19,Morning,Karen,54.59,6,210.08,New
2024-11-16,Morning,Joanna,8.61,7,341.93,Loyal
2025-01-14,Afternoon,Harry,25.04,8,178.23,Loyal
2025-03-17,Morning,Sarah,7.0,9,167.39,Loyal
2025-03-01,Night,Michele,29.37,2,137.55,New
2024-11-22,Night,Nicholas,107.53,2,489.42,Returning
2025-02-04,Morning,Joshua,84.11,5,275.32,New
2024-12-10,Morning,Jennifer,31.16,2,24.51,New
2025-03-18,Morning,Kathy,25.44,8,143.89,Returning
2025-03-25,Afternoon,Paul,18.46,10,289.34,New
2024-11-04,Night,Whitney,146.52,2,328.37,Loyal
2024-12-19,Morning,Jennifer,105.84,6,420.33,Loyal
2025-03-16,Night,David,98.39,10,280.12,Returning
2025-02-14,Night,Samuel,115.97,7,251.81,Loyal
2024-10-31,Evening,Dave,130.2,3,408.74,New
2024-11-10,Evening,Charles,41.71,0,434.69,New
2025-02-27,Night,Paula,92.61,6,140.56,New
2025-03-09,Afternoon,Nicholas,65.64,9,253.49,New
2025-03-31,Afternoon,Krista,146.41,9,468.08,Returning
2025-01-05,Afternoon,David,99.2,6,286.32,New
2025-03-06,Evening,Ricardo,54.79,10,41.67,New
2025-04-23,Afternoon,Jackson,91.73,4,323.55,New
2025-03-31,Morning,James,42.66,3,495.97,Loyal
2025-01-09,Morning,Becky,105.75,3,305.99,Loyal
2025-03-13,Night,Susan,6.82,10,262.6,Returning
2025-03-21,Evening,Katie,13.52,8,106.02,Loyal
2024-11-26,Afternoon,Jill,94.65,1,317.11,New
2024-11-02,Afternoon,Devin,125.78,10,137.83,Returning
2024-12-29,Night,Summer,106.16,0,38.41,Returning
2025-01-01,Morning,Eric,83.7,3,479.43,Loyal
2025-04-21,Morning,Connor,31.6,1,187.18,New
2024-11-13,Night,Mark,17.8,5,405.76,Returning
2025-04-10,Afternoon,Jeremy,70.95,4,59.25,New
2025-02-22,Morning,Christine,122.68,3,311.01,New
2024-11-01,Afternoon,David,62.22,7,175.28,Loyal
2025-02-02,Evening,Kenneth,41.88,4,482.41,Loyal
2024-12-23,Evening,Sandra,77.84,3,298.77,New
2025-01-16,Morning,Natalie,134.79,6,488.56,Returning
2025-03-29,Evening,Lisa,99.85,6,36.33,Loyal
2025-04-28,Evening,David,40.32,0,256.06,Returning
2025-04-25,Evening,Teresa,80.85,8,75.61,Returning
2025-03-16,Morning,Amy,73.08,9,160.77,New
2025-03-09,Afternoon,Michelle,28.09,6,391.97,Loyal
2025-02-14,Afternoon,Jill,37.37,9,32.87,Returning
2025-02-14,Night,Jack,123.98,4,126.18,Returning
2025-03-28,Afternoon,Tommy,86.03,3,429.31,New
2025-04-12,Night,David,28.38,2,271.11,Returning
2025-03-15,Morning,April,126.86,4,273.07,Returning
2024-11-17,Evening,Danny,93.78,5,103.9,New
2024-10-31,Morning,Rhonda,120.36,9,44.28,Loyal
2025-01-28,Afternoon,David,93.28,10,156.26,Loyal
2025-02-18,Afternoon,Morgan,126.75,5,259.39,Returning
2025-04-09,Morning,Amy,32.63,2,113.07,Loyal
2025-01-27,Night,Melissa,140.32,8,408.68,Returning
2024-12-03,Evening,Jay,9.42,8,145.46,Returning
2025-04-24,Afternoon,Melissa,63.8,9,274.64,Loyal
2025-03-12,Night,Rose,55.91,0,55.29,New
2024-12-04,Night,Amy,84.12,4,303.74,New
2025-02-09,Morning,Stephanie,29.74,0,42.82,Loyal
2025-03-02,Night,Teresa,35.29,2,427.51,New
2025-02-06,Night,Christopher,149.54,8,482.37,New
2024-11-21,Evening,Brent,39.88,3,181.29,Loyal
2024-11-18,Evening,Adam,61.9,7,361.81,New
2025-02-13,Night,Joshua,99.51,1,314.32,Loyal
2025-03-26,Evening,Paul,34.15,9,135.44,Loyal
2025-01-02,Evening,Kathryn,5.26,7,110.97,Loyal
2025-03-16,Evening,Jamie,136.5,9,216.78,New
2025-02-05,Morning,Chase,62.67,1,349.3,Loyal
2025-01-29,Night,Deborah,72.75,9,335.72,New
2025-01-21,Morning,Patrick,74.66,9,433.68,New
2025-02-24,Evening,Alexandra,59.08,2,484.28,Returning
2025-04-05,Afternoon,James,138.06,1,114.14,Returning
2025-01-19,Evening,William,12.07,0,75.91,Returning
2024-11-02,Evening,Jake,49.55,10,51.62,Loyal
2025-01-02,Evening,Vanessa,110.79,7,356.21,Loyal
2024-12-30,Evening,David,58.17,10,172.68,Returning
2025-02-05,Evening,Sabrina,28.35,3,105.32,New
2025-04-25,Afternoon,Donna,144.9,7,226.43,Returning
2025-02-05,Evening,Kevin,59.09,3,124.12,Loyal
2025-01-19,Afternoon,Jay,113.63,3,370.14,Returning
2025-03-11,Morning,Rebecca,38.08,3,273.17,Returning
2025-03-03,Evening,John,46.94,4,259.36,Returning
2025-01-24,Night,Virginia,135.82,5,425.13,Returning
2025-02-12,Evening,Matthew,127.94,8,93.96,Returning
2024-11-02,Morning,Barbara,22.52,2,25.92,Loyal
2024-11-02,Morning,Samuel,106.16,2,93.11,New
2025-03-11,Night,Holly,146.9,7,299.65,New
2025-04-27,Evening,James,36.35,9,308.73,Loyal
2025-02-21,Evening,Steven,122.02,10,285.11,New
2025-02-13,Night,Leslie,129.04,10,279.43,Returning
2025-04-03,Afternoon,Brooke,74.77,8,373.01,Loyal
2025-03-11,Morning,Carol,34.85,8,436.45,New
2024-11-02,Night,George,84.73,10,335.6,New
2025-01-20,Night,Austin,70.54,10,117.08,New
2024-12-07,Night,Justin,41.23,7,419.31,Returning
2024-12-05,Night,Tonya,30.38,8,187.63,Returning
2025-04-09,Night,Sarah,10.38,9,107.6,Loyal
2024-12-04,Night,Tanya,14.32,8,237.15,Loyal
2025-01-14,Morning,Holly,131.58,4,358.02,New
2025-01-23,Night,Jacob,117.32,1,32.74,Returning
2025-03-01,Night,Parker,122.08,5,24.87,New
2024-12-25,Afternoon,Robert,68.37,9,325.25,Returning
2024-12-24,Evening,Cynthia,21.0,8,103.65,Loyal
2025-02-28,Evening,Jose,38.61,7,75.94,Loyal
2025-04-12,Night,Jessica,72.45,8,445.78,Returning
2024-11-08,Night,Lori,136.44,4,339.04,Returning
2025-02-18,Night,Lisa,12.45,6,288.49,Returning
2024-11-19,Night,James,9.55,4,84.75,Returning
2024-12-16,Evening,Emily,5.46,1,141.49,New
2024-12-23,Evening,Nathan,90.85,3,201.66,Loyal
2025-03-11,Afternoon,Michael,28.08,2,173.47,New
2025-01-29,Morning,Sarah,26.07,8,23.39,New
2025-01-07,Morning,Haley,29.18,3,426.19,Loyal
2025-04-29,Night,Sean,5.81,10,126.93,Returning
2025-01-19,Morning,Brittany,79.38,7,371.79,New
2025-02-11,Morning,Jason,100.26,1,64.82,Loyal
2024-11-24,Evening,Stephen,19.4,8,146.99,Loyal
2025-01-17,Night,Ralph,123.29,6,54.51,Loyal
2025-04-28,Morning,Pamela,27.56,0,180.08,Returning
2025-01-19,Morning,Mark,75.54,9,119.54,New
2025-03-18,Evening,Kelly,21.26,3,40.45,Returning
2025-04-24,Morning,Zachary,86.09,7,73.33,Loyal
2025-03-24,Evening,Holly,42.36,7,391.56,Loyal
2025-02-25,Afternoon,Angela,71.21,6,285.02,Loyal
2025-01-28,Afternoon,Gina,121.7,2,458.32,Returning
2024-12-17,Afternoon,Carla,92.98,5,450.56,Loyal
2024-12-13,Afternoon,George,8.87,7,46.87,Returning
2025-03-18,Evening,Kelli,23.5,8,343.67,Returning
2025-02-18,Night,Tamara,98.29,7,69.47,New
2025-02-25,Afternoon,Emily,33.81,9,317.91,New
2024-12-27,Night,Christopher,135.17,0,294.38,New
2024-12-24,Morning,Robert,139.03,7,241.04,Loyal
2024-12-31,Night,Craig,83.37,5,201.58,New
2025-04-11,Evening,George,119.77,2,318.81,Loyal
2024-12-29,Night,Eric,115.28,3,156.05,Loyal
2024-11-10,Afternoon,Andrea,41.29,2,40.39,Loyal
2025-03-17,Evening,Lisa,37.06,2,418.96,Returning
2025-04-10,Morning,Jenna,93.93,8,381.27,Loyal
2024-11-05,Night,Robert,65.19,3,187.65,Loyal
2025-04-06,Evening,Daniel,83.24,9,27.28,Loyal
2025-04-29,Evening,Vanessa,101.34,10,124.13,New
2025-04-30,Afternoon,Julie,90.18,2,143.45,Loyal
2025-01-29,Afternoon,Patrick,60.64,1,155.5,Loyal
2025-01-24,Afternoon,Ashley,40.54,9,420.65,Loyal
2024-12-28,Evening,Karen,67.95,4,473.29,Returning
2024-11-01,Morning,Rebecca,42.31,1,263.77,Loyal
2025-04-01,Evening,Tracey,80.49,7,423.99,Returning
2024-12-28,Evening,Jacqueline,40.45,4,261.36,New
2025-01-03,Morning,Rebecca,51.47,0,361.93,New
2024-11-30,Morning,Michael,85.71,5,468.01,Loyal
2024-11-09,Night,Katherine,104.77,5,117.23,Returning
2025-02-04,Night,Andrew,85.36,1,228.57,New
2025-03-06,Morning,Patricia,9.21,2,187.15,New
2024-11-06,Morning,John,121.55,4,461.69,Returning
2025-04-05,Morning,Sheila,95.83,5,349.4,Returning
2025-02-05,Morning,Shawn,37.08,2,401.27,Returning
2025-03-19,Morning,Stacey,37.76,1,57.47,Loyal
2024-11-29,Evening,Michele,7.8,10,446.58,Returning
2025-03-24,Morning,Deanna,54.84,2,129.45,Loyal
2025-01-06,Evening,Patrick,13.28,5,421.92,New
2025-02-24,Morning,Antonio,61.08,0,495.56,Loyal
2024-11-21,Morning,Jennifer,75.01,3,143.31,Returning
2024-12-08,Morning,Christopher,100.98,10,426.35,New
2025-01-28,Afternoon,Erica,112.38,9,283.91,New
2024-11-24,Afternoon,Amanda,66.82,6,309.43,New
2025-02-05,Evening,Courtney,35.38,5,489.91,Returning
2025-03-27,Morning,Elizabeth,38.23,7,407.67,Returning
2025-03-21,Night,Elizabeth,130.42,10,434.66,Loyal
2025-04-02,Night,Daniel,54.68,10,315.75,Returning
2024-12-12,Evening,Brandon,68.81,10,220.01,Returning
2025-04-25,Morning,Philip,65.07,0,308.36,New
2025-03-13,Evening,Kayla,106.23,3,228.1,Loyal
2024-12-29,Morning,Kevin,114.06,3,465.52,New
2025-03-03,Evening,Robin,66.73,3,24.72,Loyal
2025-01-26,Afternoon,Craig,40.33,3,381.89,New
2024-12-18,Evening,Victor,17.3,7,436.98,New
2024-12-24,Evening,Christopher,144.4,6,307.73,Returning
2025-04-04,Night,Andrew,134.51,0,293.38,Loyal
2024-12-09,Morning,Leonard,123.14,0,372.97,Loyal
2024-12-09,Night,Jonathan,26.92,3,286.96,Returning
2024-11-13,Morning,Amanda,79.11,3,283.04,Loyal
2024-12-29,Afternoon,Maria,35.49,1,480.22,Loyal
2025-03-19,Night,William,127.45,4,497.8,Returning
2024-12-01,Morning,Erik,44.96,2,300.77,Loyal
2024-11-27,Morning,James,134.17,3,96.2,Returning
2025-03-05,Night,William,86.75,2,35.69,Returning
2025-02-11,Night,Julie,141.18,6,328.73,Returning
2025-04-07,Morning,Richard,47.36,9,384.49,New
2025-01-18,Night,William,101.12,8,480.66,Returning
2024-11-03,Night,Kelly,41.3,3,403.97,Loyal
2025-03-19,Night,Robert,53.25,7,158.14,New
2025-04-21,Afternoon,Benjamin,117.45,1,197.62,New
2025-03-03,Morning,Melanie,101.29,4,112.79,New
2024-11-24,Morning,Denise,140.67,1,36.75,Loyal
2024-11-21,Afternoon,Johnny,29.77,1,150.83,New
2024-11-11,Afternoon,Crystal,101.45,0,280.99,Loyal
2025-01-09,Evening,Sandra,81.31,7,364.55,Loyal
2025-03-29,Afternoon,Steven,112.17,8,472.93,New
2024-12-30,Morning,Jennifer,7.16,10,414.33,Returning
2025-04-21,Afternoon,John,130.88,4,354.19,Returning
2024-12-08,Night,Dylan,132.74,3,285.94,New
2025-04-24,Night,Mary,70.04,7,43.17,Returning
2025-02-15,Afternoon,Justin,143.62,5,265.85,Loyal
2025-03-16,Night,Rhonda,109.91,2,148.91,Returning
2025-01-26,Evening,Daniel,114.43,1,348.61,New
2024-12-26,Afternoon,Austin,99.86,4,211.67,Returning
2025-03-16,Night,Donald,27.41,8,232.13,Loyal
2025-01-17,Afternoon,Jason,124.53,10,42.06,Loyal
2025-01-22,Afternoon,Teresa,36.1,1,172.81,Loyal
2025-03-24,Morning,Mark,114.38,2,428.72,Returning
2025-04-30,Afternoon,George,23.35,4,345.86,New
2025-02-08,Afternoon,John,129.64,2,491.74,Returning
2024-11-26,Afternoon,Thomas,9.04,0,340.31,New
2024-12-07,Night,Kristin,125.62,5,471.72,Loyal
2025-02-17,Evening,Debra,21.8,2,120.16,Loyal
2025-03-20,Afternoon,Crystal,62.72,6,223.97,Returning
2025-03-03,Night,Paula,122.51,10,64.21,Loyal
2025-02-12,Afternoon,Lisa,33.2,10,424.75,Loyal
2025-03-29,Night,Jeremy,47.51,2,460.23,Returning
2025-03-21,Night,Sean,59.13,9,364.69,Loyal
2024-11-23,Afternoon,Richard,97.81,2,426.31,Loyal
2025-02-06,Afternoon,Kenneth,8.44,7,191.48,Loyal
2024-11-03,Morning,Dustin,45.74,9,440.36,New
2024-11-28,Afternoon,Derek,5.5,3,81.76,Loyal
2024-12-03,Afternoon,Lisa,7.4,10,409.05,Loyal
2025-01-04,Night,Jennifer,149.32,0,213.51,New
2024-12-03,Evening,Michael,119.24,5,413.2,New
2025-02-01,Afternoon,Diana,39.04,10,456.11,New
2024-12-29,Morning,Adam,144.99,4,292.44,New
2025-04-09,Night,Michael,87.68,3,336.58,Loyal
2025-01-15,Evening,Lisa,57.1,7,338.79,Returning
2025-03-07,Night,Mark,149.51,2,447.7,Returning
2025-04-29,Morning,Thomas,16.33,10,216.2,Loyal
2024-11-19,Morning,Manuel,104.53,6,406.84,Loyal
2024-12-16,Evening,Matthew,104.25,8,244.54,Loyal
2025-03-17,Morning,Raymond,23.77,7,219.67,Loyal
2025-03-28,Afternoon,Amy,139.27,2,190.07,Returning
2025-02-12,Night,Nathan,93.67,0,24.46,New
2025-01-31,Afternoon,Christine,111.84,0,77.51,Loyal
2024-12-15,Night,Michele,129.37,6,118.99,Loyal
2024-12-19,Afternoon,Lisa,55.85,6,145.89,Returning
2024-12-05,Afternoon,Charles,45.06,6,440.84,Returning
2025-02-13,Evening,Karina,68.86,3,45.22,Returning
2025-03-18,Afternoon,Kristy,6.6,0,461.82,New
2025-04-10,Night,Charles,81.63,9,130.16,Returning
2025-04-25,Morning,Alyssa,72.98,2,357.14,New
2025-04-23,Morning,Stephanie,103.56,5,180.15,New
2024-12-24,Evening,William,59.28,8,112.08,New
2025-02-09,Afternoon,Lisa,42.64,5,383.07,Returning
2025-01-02,Night,Karen,100.9,5,114.71,Returning
2025-02-02,Evening,Erica,9.49,4,109.43,New
2024-12-28,Night,Jessica,17.45,8,478.13,Loyal
2025-04-04,Evening,Crystal,139.62,9,332.6,Returning
2025-03-24,Morning,Krista,61.62,6,367.13,Returning
2025-04-13,Afternoon,Lacey,91.61,9,424.14,Loyal
2024-12-12,Afternoon,Derrick,20.66,10,417.15,New
2025-02-26,Morning,Diamond,121.75,10,470.21,Returning
2024-11-09,Night,Karen,105.22,1,430.11,Returning
2025-03-07,Afternoon,Pamela,25.09,3,367.55,New
2024-12-01,Morning,Priscilla,133.77,2,358.5,Returning
2024-12-11,Night,Matthew,130.16,5,449.2,New
2025-01-06,Evening,Cynthia,98.76,2,169.97,Returning
2024-12-19,Night,Stephen,42.99,6,91.86,Loyal
2024-11-12,Night,Ralph,27.95,0,197.54,Loyal
2025-03-16,Morning,David,36.47,3,210.17,Loyal
2025-01-29,Night,Renee,71.5,4,270.05,Returning
2025-03-15,Afternoon,Lori,130.49,7,333.0,Returning
2025-02-01,Night,Susan,105.44,8,213.34,New
